SET IDENTITY_INSERT aspiration ON;
INSERT INTO aspiration(aspirationID, aspirationType) VALUES (1, 'Standard');
INSERT INTO aspiration(aspirationID, aspirationType) VALUES (2, 'turbo');
SET IDENTITY_INSERT aspiration Off;

SET IDENTITY_INSERT carBody ON;
INSERT INTO carBody(carBodyID,carBodyName) VALUES (1,'convertible');
INSERT INTO carBody(carBodyID,carBodyName) VALUES (2,'hatchback');
INSERT INTO carBody(carBodyID,carBodyName) VALUES (3,'saloon');
INSERT INTO carBody(carBodyID,carBodyName) VALUES (4,'estate');
INSERT INTO carBody(carBodyID,carBodyName) VALUES (5,'hardtop');
SET IDENTITY_INSERT carBody Off;



SET IDENTITY_INSERT carBrand ON;

INSERT INTO carBrand(carBrandID,carBrandName) VALUES (1,'alfa-romero');
INSERT INTO carBrand(carBrandID,carBrandName) VALUES (2,'audi');
INSERT INTO carBrand(carBrandID,carBrandName) VALUES (3,'bmw');
INSERT INTO carBrand(carBrandID,carBrandName) VALUES (4,'chevrolet');
INSERT INTO carBrand(carBrandID,carBrandName) VALUES (5,'dodge');
INSERT INTO carBrand(carBrandID,carBrandName) VALUES (6,'honda');
INSERT INTO carBrand(carBrandID,carBrandName) VALUES (7,'isuzu');
INSERT INTO carBrand(carBrandID,carBrandName) VALUES (8,'jaguar');
INSERT INTO carBrand(carBrandID,carBrandName) VALUES (10,'mazda');
INSERT INTO carBrand(carBrandID,carBrandName) VALUES (11,'buick');
INSERT INTO carBrand(carBrandID,carBrandName) VALUES (12,'mercury');
INSERT INTO carBrand(carBrandID,carBrandName) VALUES (13,'mitsubishi');
INSERT INTO carBrand(carBrandID,carBrandName) VALUES (14,'Nissan');
INSERT INTO carBrand(carBrandID,carBrandName) VALUES (15,'peugeot');
INSERT INTO carBrand(carBrandID,carBrandName) VALUES (16,'plymouth');
INSERT INTO carBrand(carBrandID,carBrandName) VALUES (17,'porsche');
INSERT INTO carBrand(carBrandID,carBrandName) VALUES (19,'renault');
INSERT INTO carBrand(carBrandID,carBrandName) VALUES (20,'saab');
INSERT INTO carBrand(carBrandID,carBrandName) VALUES (21,'subaru');
INSERT INTO carBrand(carBrandID,carBrandName) VALUES (22,'toyota');
INSERT INTO carBrand(carBrandID,carBrandName) VALUES (24,'volkswagen');
INSERT INTO carBrand(carBrandID,carBrandName) VALUES (25,'volvo');
SET IDENTITY_INSERT carBrand Off;


SET IDENTITY_INSERT driveWheel ON;
INSERT INTO driveWheel(driveWheelID,driveWheelName) VALUES (1,'Rear Wheel Drive');
INSERT INTO driveWheel(driveWheelID,driveWheelName) VALUES (2,'Front Wheel Drive');
INSERT INTO driveWheel(driveWheelID,driveWheelName) VALUES (3,'Four Wheel Drive');
SET IDENTITY_INSERT driveWheel off;


SET IDENTITY_INSERT engineLocation ON;
INSERT INTO engineLocation(engineLocationID,engineLocationName) VALUES (1,'front');
INSERT INTO engineLocation(engineLocationID,engineLocationName) VALUES (2,'rear');
SET IDENTITY_INSERT engineLocation Off;


SET IDENTITY_INSERT engineType ON;
INSERT INTO engineType(engineTypeID,engineTypeName) VALUES (1,'Double Inline Overhead Cam');
INSERT INTO engineType(engineTypeID,engineTypeName) VALUES (2,'Overhead Cam');
INSERT INTO engineType(engineTypeID,engineTypeName) VALUES (3,'Inline');
INSERT INTO engineType(engineTypeID,engineTypeName) VALUES (4,'rotor');
SET IDENTITY_INSERT engineType Off;



SET IDENTITY_INSERT fuelSystem ON;
INSERT INTO fuelSystem(fuelSystemID,fuelSystemName) VALUES (1,'Multi Point Fuel Injection');
INSERT INTO fuelSystem(fuelSystemID,fuelSystemName) VALUES (2,'2 Barrel Carburators');
INSERT INTO fuelSystem(fuelSystemID,fuelSystemName) VALUES (3,'Multi Port Fuel Injection');
INSERT INTO fuelSystem(fuelSystemID,fuelSystemName) VALUES (4,'1 Barrel Carburators');
INSERT INTO fuelSystem(fuelSystemID,fuelSystemName) VALUES (5,'Spark Plug Fuel Injector');
INSERT INTO fuelSystem(fuelSystemID,fuelSystemName) VALUES (6,'4 Barrel Carburators');
INSERT INTO fuelSystem(fuelSystemID,fuelSystemName) VALUES (7,'Indirect Injection');
INSERT INTO fuelSystem(fuelSystemID,fuelSystemName) VALUES (8,'Squential Port Fuel Injection');
SET IDENTITY_INSERT fuelSystem Off;



SET IDENTITY_INSERT fuelType ON;
INSERT INTO fuelType(fuelTypeID,fuelTypeName) VALUES (1,'Petrol');
INSERT INTO fuelType(fuelTypeID,fuelTypeName) VALUES (2,'Diesel');
SET IDENTITY_INSERT fuelType Off;


SET IDENTITY_INSERT engine ON;
INSERT INTO engine(engineID,fuelTypeID,aspirationID,engineTypeID,cylinderNum,engineSize,fuelSystemID,boreRatio,stroke,compressionRatio,horsePower,peakRPM) VALUES (1,1,1,1,4,1.3,1,3.47,2.68,9,111,5000);
INSERT INTO engine(engineID,fuelTypeID,aspirationID,engineTypeID,cylinderNum,engineSize,fuelSystemID,boreRatio,stroke,compressionRatio,horsePower,peakRPM) VALUES (2,1,1,2,6,1.52,1,2.68,3.47,9,154,5000);
INSERT INTO engine(engineID,fuelTypeID,aspirationID,engineTypeID,cylinderNum,engineSize,fuelSystemID,boreRatio,stroke,compressionRatio,horsePower,peakRPM) VALUES (3,1,1,2,4,1.09,1,3.19,3.4,10,102,5500);
INSERT INTO engine(engineID,fuelTypeID,aspirationID,engineTypeID,cylinderNum,engineSize,fuelSystemID,boreRatio,stroke,compressionRatio,horsePower,peakRPM) VALUES (4,1,1,2,5,1.36,1,3.19,3.4,8,115,5500);
INSERT INTO engine(engineID,fuelTypeID,aspirationID,engineTypeID,cylinderNum,engineSize,fuelSystemID,boreRatio,stroke,compressionRatio,horsePower,peakRPM) VALUES (5,1,1,2,5,1.36,1,3.19,3.4,8.5,110,5500);
INSERT INTO engine(engineID,fuelTypeID,aspirationID,engineTypeID,cylinderNum,engineSize,fuelSystemID,boreRatio,stroke,compressionRatio,horsePower,peakRPM) VALUES (6,1,2,2,5,1.31,1,3.13,3.4,8.3,140,5500);
INSERT INTO engine(engineID,fuelTypeID,aspirationID,engineTypeID,cylinderNum,engineSize,fuelSystemID,boreRatio,stroke,compressionRatio,horsePower,peakRPM) VALUES (7,2,2,2,5,1.31,1,3.13,3.4,7,160,5500);
INSERT INTO engine(engineID,fuelTypeID,aspirationID,engineTypeID,cylinderNum,engineSize,fuelSystemID,boreRatio,stroke,compressionRatio,horsePower,peakRPM) VALUES (8,1,1,2,4,1.08,1,3.5,2.8,8.8,101,5800);
INSERT INTO engine(engineID,fuelTypeID,aspirationID,engineTypeID,cylinderNum,engineSize,fuelSystemID,boreRatio,stroke,compressionRatio,horsePower,peakRPM) VALUES (9,1,1,2,6,1.64,1,3.31,3.19,9,121,4250);
INSERT INTO engine(engineID,fuelTypeID,aspirationID,engineTypeID,cylinderNum,engineSize,fuelSystemID,boreRatio,stroke,compressionRatio,horsePower,peakRPM) VALUES (10,1,1,2,6,2.09,1,3.62,3.39,8,182,5400);
INSERT INTO engine(engineID,fuelTypeID,aspirationID,engineTypeID,cylinderNum,engineSize,fuelSystemID,boreRatio,stroke,compressionRatio,horsePower,peakRPM) VALUES (11,1,1,3,3,0.61,2,2.91,3.03,9.5,48,5100);
INSERT INTO engine(engineID,fuelTypeID,aspirationID,engineTypeID,cylinderNum,engineSize,fuelSystemID,boreRatio,stroke,compressionRatio,horsePower,peakRPM) VALUES (12,1,1,2,4,0.9,2,3.03,3.11,9.6,70,5400);
INSERT INTO engine(engineID,fuelTypeID,aspirationID,engineTypeID,cylinderNum,engineSize,fuelSystemID,boreRatio,stroke,compressionRatio,horsePower,peakRPM) VALUES (13,1,1,2,4,0.9,2,2.97,3.23,9.41,68,5500);
INSERT INTO engine(engineID,fuelTypeID,aspirationID,engineTypeID,cylinderNum,engineSize,fuelSystemID,boreRatio,stroke,compressionRatio,horsePower,peakRPM) VALUES (14,1,1,2,4,0.9,2,2.97,3.23,9.4,68,5500);
INSERT INTO engine(engineID,fuelTypeID,aspirationID,engineTypeID,cylinderNum,engineSize,fuelSystemID,boreRatio,stroke,compressionRatio,horsePower,peakRPM) VALUES (15,1,2,2,4,0.98,1,3.03,3.39,7.6,102,5500);
INSERT INTO engine(engineID,fuelTypeID,aspirationID,engineTypeID,cylinderNum,engineSize,fuelSystemID,boreRatio,stroke,compressionRatio,horsePower,peakRPM) VALUES (16,1,1,2,4,1.22,2,3.34,3.46,8.5,88,5000);
INSERT INTO engine(engineID,fuelTypeID,aspirationID,engineTypeID,cylinderNum,engineSize,fuelSystemID,boreRatio,stroke,compressionRatio,horsePower,peakRPM) VALUES (17,1,2,2,4,1.56,3,3.6,3.9,7,145,5000);
INSERT INTO engine(engineID,fuelTypeID,aspirationID,engineTypeID,cylinderNum,engineSize,fuelSystemID,boreRatio,stroke,compressionRatio,horsePower,peakRPM) VALUES (18,1,1,2,4,0.92,4,2.91,3.41,9.6,58,4800);
INSERT INTO engine(engineID,fuelTypeID,aspirationID,engineTypeID,cylinderNum,engineSize,fuelSystemID,boreRatio,stroke,compressionRatio,horsePower,peakRPM) VALUES (19,1,1,2,4,0.92,4,2.91,3.41,9.2,76,6000);
INSERT INTO engine(engineID,fuelTypeID,aspirationID,engineTypeID,cylinderNum,engineSize,fuelSystemID,boreRatio,stroke,compressionRatio,horsePower,peakRPM) VALUES (20,1,1,2,4,0.79,4,2.91,3.07,10.1,60,5500);
INSERT INTO engine(engineID,fuelTypeID,aspirationID,engineTypeID,cylinderNum,engineSize,fuelSystemID,boreRatio,stroke,compressionRatio,horsePower,peakRPM) VALUES (21,1,1,2,4,0.92,4,2.92,3.41,9.2,76,6000);
INSERT INTO engine(engineID,fuelTypeID,aspirationID,engineTypeID,cylinderNum,engineSize,fuelSystemID,boreRatio,stroke,compressionRatio,horsePower,peakRPM) VALUES (22,1,1,2,4,1.1,4,3.15,3.58,9,86,5800);
INSERT INTO engine(engineID,fuelTypeID,aspirationID,engineTypeID,cylinderNum,engineSize,fuelSystemID,boreRatio,stroke,compressionRatio,horsePower,peakRPM) VALUES (23,1,1,2,4,1.1,1,3.15,3.58,9,101,5800);
INSERT INTO engine(engineID,fuelTypeID,aspirationID,engineTypeID,cylinderNum,engineSize,fuelSystemID,boreRatio,stroke,compressionRatio,horsePower,peakRPM) VALUES (24,1,1,2,4,1.1,2,3.15,3.58,9.1,100,5500);
INSERT INTO engine(engineID,fuelTypeID,aspirationID,engineTypeID,cylinderNum,engineSize,fuelSystemID,boreRatio,stroke,compressionRatio,horsePower,peakRPM) VALUES (25,1,1,2,4,1.11,2,3.31,3.23,8.5,78,4800);
INSERT INTO engine(engineID,fuelTypeID,aspirationID,engineTypeID,cylinderNum,engineSize,fuelSystemID,boreRatio,stroke,compressionRatio,horsePower,peakRPM) VALUES (26,1,1,2,4,1.19,5,3.43,3.23,9.2,90,5000);
INSERT INTO engine(engineID,fuelTypeID,aspirationID,engineTypeID,cylinderNum,engineSize,fuelSystemID,boreRatio,stroke,compressionRatio,horsePower,peakRPM) VALUES (27,1,1,1,6,2.58,1,3.63,4.17,8.1,176,4750);
INSERT INTO engine(engineID,fuelTypeID,aspirationID,engineTypeID,cylinderNum,engineSize,fuelSystemID,boreRatio,stroke,compressionRatio,horsePower,peakRPM) VALUES (28,1,1,2,12,3.26,1,3.54,2.76,11.5,262,5000);
INSERT INTO engine(engineID,fuelTypeID,aspirationID,engineTypeID,cylinderNum,engineSize,fuelSystemID,boreRatio,stroke,compressionRatio,horsePower,peakRPM) VALUES (29,1,1,2,4,0.91,2,3.03,3.15,9,68,5000);
INSERT INTO engine(engineID,fuelTypeID,aspirationID,engineTypeID,cylinderNum,engineSize,fuelSystemID,boreRatio,stroke,compressionRatio,horsePower,peakRPM) VALUES (30,1,1,2,4,0.91,2,3.08,3.15,9,68,5000);
INSERT INTO engine(engineID,fuelTypeID,aspirationID,engineTypeID,cylinderNum,engineSize,fuelSystemID,boreRatio,stroke,compressionRatio,horsePower,peakRPM) VALUES (31,1,1,4,2,0.7,6,3.33,3.255,9.4,101,6000);
INSERT INTO engine(engineID,fuelTypeID,aspirationID,engineTypeID,cylinderNum,engineSize,fuelSystemID,boreRatio,stroke,compressionRatio,horsePower,peakRPM) VALUES (32,1,1,4,2,0.8,1,3.33,3.255,9.4,135,6000);
INSERT INTO engine(engineID,fuelTypeID,aspirationID,engineTypeID,cylinderNum,engineSize,fuelSystemID,boreRatio,stroke,compressionRatio,horsePower,peakRPM) VALUES (33,1,1,2,4,1.22,2,3.39,3.39,8.6,84,4800);
INSERT INTO engine(engineID,fuelTypeID,aspirationID,engineTypeID,cylinderNum,engineSize,fuelSystemID,boreRatio,stroke,compressionRatio,horsePower,peakRPM) VALUES (34,2,1,2,4,1.22,7,3.39,3.39,22.7,64,4650);
INSERT INTO engine(engineID,fuelTypeID,aspirationID,engineTypeID,cylinderNum,engineSize,fuelSystemID,boreRatio,stroke,compressionRatio,horsePower,peakRPM) VALUES (35,1,1,2,4,1.4,1,3.76,3.16,8,120,5000);
INSERT INTO engine(engineID,fuelTypeID,aspirationID,engineTypeID,cylinderNum,engineSize,fuelSystemID,boreRatio,stroke,compressionRatio,horsePower,peakRPM) VALUES (36,2,1,2,4,1.34,7,3.43,3.64,22,72,4200);
INSERT INTO engine(engineID,fuelTypeID,aspirationID,engineTypeID,cylinderNum,engineSize,fuelSystemID,boreRatio,stroke,compressionRatio,horsePower,peakRPM) VALUES (37,2,2,2,5,1.83,7,3.58,3.64,21.5,123,4350);
INSERT INTO engine(engineID,fuelTypeID,aspirationID,engineTypeID,cylinderNum,engineSize,fuelSystemID,boreRatio,stroke,compressionRatio,horsePower,peakRPM) VALUES (38,1,1,2,8,2.34,1,3.46,3.1,8.3,155,4750);
INSERT INTO engine(engineID,fuelTypeID,aspirationID,engineTypeID,cylinderNum,engineSize,fuelSystemID,boreRatio,stroke,compressionRatio,horsePower,peakRPM) VALUES (39,1,1,2,8,3.08,1,3.8,3.35,8,184,4500);
INSERT INTO engine(engineID,fuelTypeID,aspirationID,engineTypeID,cylinderNum,engineSize,fuelSystemID,boreRatio,stroke,compressionRatio,horsePower,peakRPM) VALUES (40,1,1,2,8,3.04,1,3.8,3.35,8,184,4500);
INSERT INTO engine(engineID,fuelTypeID,aspirationID,engineTypeID,cylinderNum,engineSize,fuelSystemID,boreRatio,stroke,compressionRatio,horsePower,peakRPM) VALUES (41,1,2,2,4,1.4,1,3.78,3.12,8,175,5000);
INSERT INTO engine(engineID,fuelTypeID,aspirationID,engineTypeID,cylinderNum,engineSize,fuelSystemID,boreRatio,stroke,compressionRatio,horsePower,peakRPM) VALUES (42,1,1,2,4,0.92,2,2.97,3.23,9.4,68,5500);
INSERT INTO engine(engineID,fuelTypeID,aspirationID,engineTypeID,cylinderNum,engineSize,fuelSystemID,boreRatio,stroke,compressionRatio,horsePower,peakRPM) VALUES (43,1,2,2,4,0.98,8,3.03,3.39,7.6,102,5500);
INSERT INTO engine(engineID,fuelTypeID,aspirationID,engineTypeID,cylinderNum,engineSize,fuelSystemID,boreRatio,stroke,compressionRatio,horsePower,peakRPM) VALUES (44,1,2,2,4,1.1,8,3.17,3.46,7.5,116,5500);
INSERT INTO engine(engineID,fuelTypeID,aspirationID,engineTypeID,cylinderNum,engineSize,fuelSystemID,boreRatio,stroke,compressionRatio,horsePower,peakRPM) VALUES (45,1,1,2,4,1.22,2,3.35,3.46,8.5,88,5000);
INSERT INTO engine(engineID,fuelTypeID,aspirationID,engineTypeID,cylinderNum,engineSize,fuelSystemID,boreRatio,stroke,compressionRatio,horsePower,peakRPM) VALUES (46,1,2,2,4,1.56,8,3.58,3.86,7,145,5000);
INSERT INTO engine(engineID,fuelTypeID,aspirationID,engineTypeID,cylinderNum,engineSize,fuelSystemID,boreRatio,stroke,compressionRatio,horsePower,peakRPM) VALUES (47,1,2,2,4,1.56,8,3.59,3.86,7,145,5000);
INSERT INTO engine(engineID,fuelTypeID,aspirationID,engineTypeID,cylinderNum,engineSize,fuelSystemID,boreRatio,stroke,compressionRatio,horsePower,peakRPM) VALUES (48,1,1,2,4,1.1,8,3.17,3.46,7.5,116,5500);
INSERT INTO engine(engineID,fuelTypeID,aspirationID,engineTypeID,cylinderNum,engineSize,fuelSystemID,boreRatio,stroke,compressionRatio,horsePower,peakRPM) VALUES (49,1,1,2,4,0.97,2,3.15,3.29,9.4,69,5200);
INSERT INTO engine(engineID,fuelTypeID,aspirationID,engineTypeID,cylinderNum,engineSize,fuelSystemID,boreRatio,stroke,compressionRatio,horsePower,peakRPM) VALUES (50,2,1,2,4,1.03,7,2.99,3.47,21.9,55,4800);
INSERT INTO engine(engineID,fuelTypeID,aspirationID,engineTypeID,cylinderNum,engineSize,fuelSystemID,boreRatio,stroke,compressionRatio,horsePower,peakRPM) VALUES (51,1,1,2,4,1.2,2,3.33,3.47,8.5,97,5200);
INSERT INTO engine(engineID,fuelTypeID,aspirationID,engineTypeID,cylinderNum,engineSize,fuelSystemID,boreRatio,stroke,compressionRatio,horsePower,peakRPM) VALUES (52,1,1,2,6,1.81,1,3.43,3.27,9,152,5200);
INSERT INTO engine(engineID,fuelTypeID,aspirationID,engineTypeID,cylinderNum,engineSize,fuelSystemID,boreRatio,stroke,compressionRatio,horsePower,peakRPM) VALUES (53,1,1,2,6,1.81,1,3.43,3.27,9,160,5200);
INSERT INTO engine(engineID,fuelTypeID,aspirationID,engineTypeID,cylinderNum,engineSize,fuelSystemID,boreRatio,stroke,compressionRatio,horsePower,peakRPM) VALUES (54,1,2,2,6,1.81,1,3.43,3.27,7.8,200,5200);
INSERT INTO engine(engineID,fuelTypeID,aspirationID,engineTypeID,cylinderNum,engineSize,fuelSystemID,boreRatio,stroke,compressionRatio,horsePower,peakRPM) VALUES (55,1,1,3,4,1.2,1,3.46,3.19,8.4,97,5000);
INSERT INTO engine(engineID,fuelTypeID,aspirationID,engineTypeID,cylinderNum,engineSize,fuelSystemID,boreRatio,stroke,compressionRatio,horsePower,peakRPM) VALUES (56,2,2,3,4,1.52,7,3.7,3.52,21,95,4150);
INSERT INTO engine(engineID,fuelTypeID,aspirationID,engineTypeID,cylinderNum,engineSize,fuelSystemID,boreRatio,stroke,compressionRatio,horsePower,peakRPM) VALUES (57,1,1,3,4,1.2,1,3.46,2.19,8.4,95,5000);
INSERT INTO engine(engineID,fuelTypeID,aspirationID,engineTypeID,cylinderNum,engineSize,fuelSystemID,boreRatio,stroke,compressionRatio,horsePower,peakRPM) VALUES (58,1,2,3,4,1.34,1,3.61,3.21,7,142,5600);
INSERT INTO engine(engineID,fuelTypeID,aspirationID,engineTypeID,cylinderNum,engineSize,fuelSystemID,boreRatio,stroke,compressionRatio,horsePower,peakRPM) VALUES (59,1,1,2,4,0.98,2,2.97,3.23,9.4,68,5500);
INSERT INTO engine(engineID,fuelTypeID,aspirationID,engineTypeID,cylinderNum,engineSize,fuelSystemID,boreRatio,stroke,compressionRatio,horsePower,peakRPM) VALUES (60,1,1,2,4,1.51,1,3.94,3.11,9.5,143,5500);
INSERT INTO engine(engineID,fuelTypeID,aspirationID,engineTypeID,cylinderNum,engineSize,fuelSystemID,boreRatio,stroke,compressionRatio,horsePower,peakRPM) VALUES (61,1,1,2,6,1.94,1,3.74,2.9,9.5,207,5900);
INSERT INTO engine(engineID,fuelTypeID,aspirationID,engineTypeID,cylinderNum,engineSize,fuelSystemID,boreRatio,stroke,compressionRatio,horsePower,peakRPM) VALUES (62,1,1,1,8,2.03,1,3.94,3.11,10,288,5750);
INSERT INTO engine(engineID,fuelTypeID,aspirationID,engineTypeID,cylinderNum,engineSize,fuelSystemID,boreRatio,stroke,compressionRatio,horsePower,peakRPM) VALUES (63,1,1,2,4,1.32,1,3.46,3.9,8.7,90,5100);
INSERT INTO engine(engineID,fuelTypeID,aspirationID,engineTypeID,cylinderNum,engineSize,fuelSystemID,boreRatio,stroke,compressionRatio,horsePower,peakRPM) VALUES (64,1,1,2,4,1.21,1,3.54,3.07,9.31,110,5250);
INSERT INTO engine(engineID,fuelTypeID,aspirationID,engineTypeID,cylinderNum,engineSize,fuelSystemID,boreRatio,stroke,compressionRatio,horsePower,peakRPM) VALUES (65,1,1,2,4,1.21,1,3.54,3.07,9.3,110,5250);
INSERT INTO engine(engineID,fuelTypeID,aspirationID,engineTypeID,cylinderNum,engineSize,fuelSystemID,boreRatio,stroke,compressionRatio,horsePower,peakRPM) VALUES (66,1,1,2,4,1.21,1,2.54,2.07,9.3,110,5250);
INSERT INTO engine(engineID,fuelTypeID,aspirationID,engineTypeID,cylinderNum,engineSize,fuelSystemID,boreRatio,stroke,compressionRatio,horsePower,peakRPM) VALUES (67,1,2,1,4,1.21,1,3.54,3.07,9,160,5500);
INSERT INTO engine(engineID,fuelTypeID,aspirationID,engineTypeID,cylinderNum,engineSize,fuelSystemID,boreRatio,stroke,compressionRatio,horsePower,peakRPM) VALUES (68,1,1,2,4,1.08,2,3.62,2.64,8.7,73,4400);
INSERT INTO engine(engineID,fuelTypeID,aspirationID,engineTypeID,cylinderNum,engineSize,fuelSystemID,boreRatio,stroke,compressionRatio,horsePower,peakRPM) VALUES (69,1,1,2,4,1.08,2,3.62,2.64,9.5,82,4400);
INSERT INTO engine(engineID,fuelTypeID,aspirationID,engineTypeID,cylinderNum,engineSize,fuelSystemID,boreRatio,stroke,compressionRatio,horsePower,peakRPM) VALUES (70,1,1,2,4,1.08,1,3.62,2.64,9,94,5200);
INSERT INTO engine(engineID,fuelTypeID,aspirationID,engineTypeID,cylinderNum,engineSize,fuelSystemID,boreRatio,stroke,compressionRatio,horsePower,peakRPM) VALUES (71,1,1,2,4,1.08,2,3.62,2.64,9,82,4800);
INSERT INTO engine(engineID,fuelTypeID,aspirationID,engineTypeID,cylinderNum,engineSize,fuelSystemID,boreRatio,stroke,compressionRatio,horsePower,peakRPM) VALUES (72,1,2,2,4,1.08,1,3.62,2.64,7.7,111,4800);
INSERT INTO engine(engineID,fuelTypeID,aspirationID,engineTypeID,cylinderNum,engineSize,fuelSystemID,boreRatio,stroke,compressionRatio,horsePower,peakRPM) VALUES (73,1,1,2,4,0.92,2,3.05,3.03,9,62,4800);
INSERT INTO engine(engineID,fuelTypeID,aspirationID,engineTypeID,cylinderNum,engineSize,fuelSystemID,boreRatio,stroke,compressionRatio,horsePower,peakRPM) VALUES (74,1,1,2,4,0.98,2,3.19,3.03,9,70,4800);
INSERT INTO engine(engineID,fuelTypeID,aspirationID,engineTypeID,cylinderNum,engineSize,fuelSystemID,boreRatio,stroke,compressionRatio,horsePower,peakRPM) VALUES (75,2,1,2,4,1.1,7,3.27,3.35,22.5,56,4500);
INSERT INTO engine(engineID,fuelTypeID,aspirationID,engineTypeID,cylinderNum,engineSize,fuelSystemID,boreRatio,stroke,compressionRatio,horsePower,peakRPM) VALUES (76,1,1,1,4,0.98,1,3.24,3.08,9.4,112,6600);
INSERT INTO engine(engineID,fuelTypeID,aspirationID,engineTypeID,cylinderNum,engineSize,fuelSystemID,boreRatio,stroke,compressionRatio,horsePower,peakRPM) VALUES (77,1,1,2,4,1.46,1,3.62,3.5,9.3,116,4800);
INSERT INTO engine(engineID,fuelTypeID,aspirationID,engineTypeID,cylinderNum,engineSize,fuelSystemID,boreRatio,stroke,compressionRatio,horsePower,peakRPM) VALUES (78,1,1,2,4,1.22,1,3.31,3.54,8.7,92,4200);
INSERT INTO engine(engineID,fuelTypeID,aspirationID,engineTypeID,cylinderNum,engineSize,fuelSystemID,boreRatio,stroke,compressionRatio,horsePower,peakRPM) VALUES (79,2,2,2,4,1.1,7,3.27,3.35,22.5,73,4500);
INSERT INTO engine(engineID,fuelTypeID,aspirationID,engineTypeID,cylinderNum,engineSize,fuelSystemID,boreRatio,stroke,compressionRatio,horsePower,peakRPM) VALUES (80,1,1,1,6,1.71,1,3.27,3.35,9.3,161,5200);
INSERT INTO engine(engineID,fuelTypeID,aspirationID,engineTypeID,cylinderNum,engineSize,fuelSystemID,boreRatio,stroke,compressionRatio,horsePower,peakRPM) VALUES (81,1,1,1,6,1.71,1,3.27,3.35,9.2,156,5200);
INSERT INTO engine(engineID,fuelTypeID,aspirationID,engineTypeID,cylinderNum,engineSize,fuelSystemID,boreRatio,stroke,compressionRatio,horsePower,peakRPM) VALUES (82,1,1,1,6,1.61,1,3.27,3.35,9.2,156,5200);
INSERT INTO engine(engineID,fuelTypeID,aspirationID,engineTypeID,cylinderNum,engineSize,fuelSystemID,boreRatio,stroke,compressionRatio,horsePower,peakRPM) VALUES (83,2,1,2,4,0.97,7,3.01,3.4,23,52,4800);
INSERT INTO engine(engineID,fuelTypeID,aspirationID,engineTypeID,cylinderNum,engineSize,fuelSystemID,boreRatio,stroke,compressionRatio,horsePower,peakRPM) VALUES (84,1,1,2,4,1.09,1,3.19,3.4,9,85,5250);
INSERT INTO engine(engineID,fuelTypeID,aspirationID,engineTypeID,cylinderNum,engineSize,fuelSystemID,boreRatio,stroke,compressionRatio,horsePower,peakRPM) VALUES (85,2,2,2,4,0.97,7,3.01,3.4,23,68,4500);
INSERT INTO engine(engineID,fuelTypeID,aspirationID,engineTypeID,cylinderNum,engineSize,fuelSystemID,boreRatio,stroke,compressionRatio,horsePower,peakRPM) VALUES (86,1,1,2,4,1.09,1,3.19,3.4,10,100,5500);
INSERT INTO engine(engineID,fuelTypeID,aspirationID,engineTypeID,cylinderNum,engineSize,fuelSystemID,boreRatio,stroke,compressionRatio,horsePower,peakRPM) VALUES (87,1,1,2,4,1.09,1,3.19,3.4,8.5,90,5500);
INSERT INTO engine(engineID,fuelTypeID,aspirationID,engineTypeID,cylinderNum,engineSize,fuelSystemID,boreRatio,stroke,compressionRatio,horsePower,peakRPM) VALUES (88,1,1,2,4,1.09,1,3.19,3.4,9,88,5500);
INSERT INTO engine(engineID,fuelTypeID,aspirationID,engineTypeID,cylinderNum,engineSize,fuelSystemID,boreRatio,stroke,compressionRatio,horsePower,peakRPM) VALUES (89,1,1,2,4,1.41,1,3.78,3.15,9.5,114,5400);
INSERT INTO engine(engineID,fuelTypeID,aspirationID,engineTypeID,cylinderNum,engineSize,fuelSystemID,boreRatio,stroke,compressionRatio,horsePower,peakRPM) VALUES (90,1,2,2,4,1.3,1,3.62,3.15,7.5,162,5100);
INSERT INTO engine(engineID,fuelTypeID,aspirationID,engineTypeID,cylinderNum,engineSize,fuelSystemID,boreRatio,stroke,compressionRatio,horsePower,peakRPM) VALUES (91,1,2,2,4,1.41,1,3.78,3.15,8.7,160,5300);
INSERT INTO engine(engineID,fuelTypeID,aspirationID,engineTypeID,cylinderNum,engineSize,fuelSystemID,boreRatio,stroke,compressionRatio,horsePower,peakRPM) VALUES (92,1,1,2,6,1.73,1,3.58,2.87,8.8,134,5500);
INSERT INTO engine(engineID,fuelTypeID,aspirationID,engineTypeID,cylinderNum,engineSize,fuelSystemID,boreRatio,stroke,compressionRatio,horsePower,peakRPM) VALUES (93,2,2,2,6,1.45,7,3.01,3.4,23,106,4800);
INSERT INTO engine(engineID,fuelTypeID,aspirationID,engineTypeID,cylinderNum,engineSize,fuelSystemID,boreRatio,stroke,compressionRatio,horsePower,peakRPM) VALUES (94,1,2,2,4,1.41,1,3.78,3.15,9.5,114,5400);
SET IDENTITY_INSERT engine Off;




SET IDENTITY_INSERT car ON;
INSERT INTO car(carID,CarName,doorNumber,carBodyID,wheelBase,carLength,carWidth,carHeight,curbWeight,cityMPG,highwayMPG,price,engineID,carBrandID,engineLocationID,driveWheelID) VALUES (1,'giulia',2,1,88.6,168.8,64.1,48.8,2548,21,27,'£13,495.00',1,1,1,1);
INSERT INTO car(carID,CarName,doorNumber,carBodyID,wheelBase,carLength,carWidth,carHeight,curbWeight,cityMPG,highwayMPG,price,engineID,carBrandID,engineLocationID,driveWheelID) VALUES (2,'Stelvio',2,1,88.6,168.8,64.1,48.8,2548,21,27,'£16,500.00',1,1,1,1);
INSERT INTO car(carID,CarName,doorNumber,carBodyID,wheelBase,carLength,carWidth,carHeight,curbWeight,cityMPG,highwayMPG,price,engineID,carBrandID,engineLocationID,driveWheelID) VALUES (3,'quadrifoglio',2,2,94.5,171.2,65.5,52.4,2823,19,26,'£16,500.00',2,1,1,1);
INSERT INTO car(carID,CarName,doorNumber,carBodyID,wheelBase,carLength,carWidth,carHeight,curbWeight,cityMPG,highwayMPG,price,engineID,carBrandID,engineLocationID,driveWheelID) VALUES (4,'100ls',4,3,99.8,176.6,66.2,54.3,2337,24,30,'£13,950.00',3,2,1,2);
INSERT INTO car(carID,CarName,doorNumber,carBodyID,wheelBase,carLength,carWidth,carHeight,curbWeight,cityMPG,highwayMPG,price,engineID,carBrandID,engineLocationID,driveWheelID) VALUES (5,'100ls',4,3,99.4,176.6,66.4,54.3,2824,18,22,'£17,450.00',4,2,1,3);
INSERT INTO car(carID,CarName,doorNumber,carBodyID,wheelBase,carLength,carWidth,carHeight,curbWeight,cityMPG,highwayMPG,price,engineID,carBrandID,engineLocationID,driveWheelID) VALUES (6,'fox',2,3,99.8,177.3,66.3,53.1,2507,19,25,'£15,250.00',4,2,1,2);
INSERT INTO car(carID,CarName,doorNumber,carBodyID,wheelBase,carLength,carWidth,carHeight,curbWeight,cityMPG,highwayMPG,price,engineID,carBrandID,engineLocationID,driveWheelID) VALUES (7,'100ls',4,3,105.8,192.7,71.4,55.7,2844,19,25,'£17,710.00',4,2,1,2);
INSERT INTO car(carID,CarName,doorNumber,carBodyID,wheelBase,carLength,carWidth,carHeight,curbWeight,cityMPG,highwayMPG,price,engineID,carBrandID,engineLocationID,driveWheelID) VALUES (8,'5000',4,4,105.8,192.7,71.4,55.7,2954,19,25,'£18,920.00',4,2,1,2);
INSERT INTO car(carID,CarName,doorNumber,carBodyID,wheelBase,carLength,carWidth,carHeight,curbWeight,cityMPG,highwayMPG,price,engineID,carBrandID,engineLocationID,driveWheelID) VALUES (9,'4000',4,3,105.8,192.7,71.4,55.9,3086,17,20,'£23,875.00',5,2,1,2);
INSERT INTO car(carID,CarName,doorNumber,carBodyID,wheelBase,carLength,carWidth,carHeight,curbWeight,cityMPG,highwayMPG,price,engineID,carBrandID,engineLocationID,driveWheelID) VALUES (10,'5000s',2,2,99.5,178.2,67.9,52,3053,16,22,'£17,859.00',5,2,1,3);
INSERT INTO car(carID,CarName,doorNumber,carBodyID,wheelBase,carLength,carWidth,carHeight,curbWeight,cityMPG,highwayMPG,price,engineID,carBrandID,engineLocationID,driveWheelID) VALUES (11,'320i',2,3,101.2,176.8,64.8,54.3,2395,23,29,'£16,430.00',6,3,1,1);
INSERT INTO car(carID,CarName,doorNumber,carBodyID,wheelBase,carLength,carWidth,carHeight,curbWeight,cityMPG,highwayMPG,price,engineID,carBrandID,engineLocationID,driveWheelID) VALUES (12,'320i',4,3,101.2,176.8,64.8,54.3,2395,23,29,'£16,925.00',6,3,1,1);
INSERT INTO car(carID,CarName,doorNumber,carBodyID,wheelBase,carLength,carWidth,carHeight,curbWeight,cityMPG,highwayMPG,price,engineID,carBrandID,engineLocationID,driveWheelID) VALUES (13,'x1',2,3,101.2,176.8,64.8,54.3,2710,21,28,'£20,970.00',7,3,1,1);
INSERT INTO car(carID,CarName,doorNumber,carBodyID,wheelBase,carLength,carWidth,carHeight,curbWeight,cityMPG,highwayMPG,price,engineID,carBrandID,engineLocationID,driveWheelID) VALUES (14,'x3',4,3,101.2,176.8,64.8,54.3,2765,21,28,'£21,105.00',7,3,1,1);
INSERT INTO car(carID,CarName,doorNumber,carBodyID,wheelBase,carLength,carWidth,carHeight,curbWeight,cityMPG,highwayMPG,price,engineID,carBrandID,engineLocationID,driveWheelID) VALUES (15,'z4',4,3,103.5,189,66.9,55.7,3055,20,25,'£24,565.00',7,3,1,1);
INSERT INTO car(carID,CarName,doorNumber,carBodyID,wheelBase,carLength,carWidth,carHeight,curbWeight,cityMPG,highwayMPG,price,engineID,carBrandID,engineLocationID,driveWheelID) VALUES (16,'x4',4,3,103.5,189,66.9,55.7,3230,16,22,'£30,760.00',8,3,1,1);
INSERT INTO car(carID,CarName,doorNumber,carBodyID,wheelBase,carLength,carWidth,carHeight,curbWeight,cityMPG,highwayMPG,price,engineID,carBrandID,engineLocationID,driveWheelID) VALUES (17,'x5',2,3,103.5,193.8,67.9,53.7,3380,16,22,'£41,315.00',8,3,1,1);
INSERT INTO car(carID,CarName,doorNumber,carBodyID,wheelBase,carLength,carWidth,carHeight,curbWeight,cityMPG,highwayMPG,price,engineID,carBrandID,engineLocationID,driveWheelID) VALUES (18,'x3',4,3,110,197,70.9,56.3,3505,15,20,'£36,880.00',8,3,1,1);
INSERT INTO car(carID,CarName,doorNumber,carBodyID,wheelBase,carLength,carWidth,carHeight,curbWeight,cityMPG,highwayMPG,price,engineID,carBrandID,engineLocationID,driveWheelID) VALUES (19,'impala',2,2,88.4,141.1,60.3,53.2,1488,47,53,'£5,151.00',9,4,1,2);
INSERT INTO car(carID,CarName,doorNumber,carBodyID,wheelBase,carLength,carWidth,carHeight,curbWeight,cityMPG,highwayMPG,price,engineID,carBrandID,engineLocationID,driveWheelID) VALUES (20,'monte carlo',2,2,94.5,155.9,63.6,52,1874,38,43,'£6,295.00',10,4,1,2);
INSERT INTO car(carID,CarName,doorNumber,carBodyID,wheelBase,carLength,carWidth,carHeight,curbWeight,cityMPG,highwayMPG,price,engineID,carBrandID,engineLocationID,driveWheelID) VALUES (21,'vega 2300',4,3,94.5,158.8,63.6,52,1909,38,43,'£6,575.00',10,4,1,2);
INSERT INTO car(carID,CarName,doorNumber,carBodyID,wheelBase,carLength,carWidth,carHeight,curbWeight,cityMPG,highwayMPG,price,engineID,carBrandID,engineLocationID,driveWheelID) VALUES (22,'rampage',2,2,93.7,157.3,63.8,50.8,1876,37,41,'£5,572.00',10,5,1,2);
INSERT INTO car(carID,CarName,doorNumber,carBodyID,wheelBase,carLength,carWidth,carHeight,curbWeight,cityMPG,highwayMPG,price,engineID,carBrandID,engineLocationID,driveWheelID) VALUES (23,'challenger se',2,2,93.7,157.3,63.8,50.8,1876,31,38,'£6,377.00',10,5,1,2);
INSERT INTO car(carID,CarName,doorNumber,carBodyID,wheelBase,carLength,carWidth,carHeight,curbWeight,cityMPG,highwayMPG,price,engineID,carBrandID,engineLocationID,driveWheelID) VALUES (24,'d200',2,2,93.7,157.3,63.8,50.8,2128,24,30,'£7,957.00',11,5,1,2);
INSERT INTO car(carID,CarName,doorNumber,carBodyID,wheelBase,carLength,carWidth,carHeight,curbWeight,cityMPG,highwayMPG,price,engineID,carBrandID,engineLocationID,driveWheelID) VALUES (25,'monaco (sw)',4,2,93.7,157.3,63.8,50.6,1967,31,38,'£6,229.00',12,5,1,2);
INSERT INTO car(carID,CarName,doorNumber,carBodyID,wheelBase,carLength,carWidth,carHeight,curbWeight,cityMPG,highwayMPG,price,engineID,carBrandID,engineLocationID,driveWheelID) VALUES (26,'colt hardtop',4,3,93.7,157.3,63.8,50.6,1989,31,38,'£6,692.00',12,5,1,2);
INSERT INTO car(carID,CarName,doorNumber,carBodyID,wheelBase,carLength,carWidth,carHeight,curbWeight,cityMPG,highwayMPG,price,engineID,carBrandID,engineLocationID,driveWheelID) VALUES (27,'colt (sw)',4,3,93.7,157.3,63.8,50.6,1989,31,38,'£7,609.00',12,5,1,2);
INSERT INTO car(carID,CarName,doorNumber,carBodyID,wheelBase,carLength,carWidth,carHeight,curbWeight,cityMPG,highwayMPG,price,engineID,carBrandID,engineLocationID,driveWheelID) VALUES (28,'coronet custom',2,3,93.7,157.3,63.8,50.6,2191,24,30,'£8,558.00',13,5,1,2);
INSERT INTO car(carID,CarName,doorNumber,carBodyID,wheelBase,carLength,carWidth,carHeight,curbWeight,cityMPG,highwayMPG,price,engineID,carBrandID,engineLocationID,driveWheelID) VALUES (29,'dart custom',4,4,103.3,174.6,64.6,59.8,2535,24,30,'£8,921.00',14,5,1,2);
INSERT INTO car(carID,CarName,doorNumber,carBodyID,wheelBase,carLength,carWidth,carHeight,curbWeight,cityMPG,highwayMPG,price,engineID,carBrandID,engineLocationID,driveWheelID) VALUES (30,'coronet custom (sw)',2,2,95.9,173.2,66.3,50.2,2811,19,24,'£12,964.00',15,5,1,2);
INSERT INTO car(carID,CarName,doorNumber,carBodyID,wheelBase,carLength,carWidth,carHeight,curbWeight,cityMPG,highwayMPG,price,engineID,carBrandID,engineLocationID,driveWheelID) VALUES (31,'civic',2,2,86.6,144.6,63.9,50.8,1713,49,54,'£6,479.00',16,6,1,2);
INSERT INTO car(carID,CarName,doorNumber,carBodyID,wheelBase,carLength,carWidth,carHeight,curbWeight,cityMPG,highwayMPG,price,engineID,carBrandID,engineLocationID,driveWheelID) VALUES (32,'civic cvcc',2,2,86.6,144.6,63.9,50.8,1819,31,38,'£6,855.00',16,6,1,2);
INSERT INTO car(carID,CarName,doorNumber,carBodyID,wheelBase,carLength,carWidth,carHeight,curbWeight,cityMPG,highwayMPG,price,engineID,carBrandID,engineLocationID,driveWheelID) VALUES (33,'civic',2,2,93.7,150,64,52.6,1837,38,42,'£5,399.00',17,6,1,2);
INSERT INTO car(carID,CarName,doorNumber,carBodyID,wheelBase,carLength,carWidth,carHeight,curbWeight,cityMPG,highwayMPG,price,engineID,carBrandID,engineLocationID,driveWheelID) VALUES (34,'accord cvcc',2,2,93.7,150,64,52.6,1940,30,34,'£6,529.00',18,6,1,2);
INSERT INTO car(carID,CarName,doorNumber,carBodyID,wheelBase,carLength,carWidth,carHeight,curbWeight,cityMPG,highwayMPG,price,engineID,carBrandID,engineLocationID,driveWheelID) VALUES (35,'civic cvcc',2,2,93.7,150,64,52.6,1956,30,34,'£7,129.00',18,6,1,2);
INSERT INTO car(carID,CarName,doorNumber,carBodyID,wheelBase,carLength,carWidth,carHeight,curbWeight,cityMPG,highwayMPG,price,engineID,carBrandID,engineLocationID,driveWheelID) VALUES (36,'accord lx',4,3,96.5,163.4,64,54.5,2010,30,34,'£7,295.00',18,6,1,2);
INSERT INTO car(carID,CarName,doorNumber,carBodyID,wheelBase,carLength,carWidth,carHeight,curbWeight,cityMPG,highwayMPG,price,engineID,carBrandID,engineLocationID,driveWheelID) VALUES (37,'civic 1500 gl',4,4,96.5,157.1,63.9,58.3,2024,30,34,'£7,295.00',18,6,1,2);
INSERT INTO car(carID,CarName,doorNumber,carBodyID,wheelBase,carLength,carWidth,carHeight,curbWeight,cityMPG,highwayMPG,price,engineID,carBrandID,engineLocationID,driveWheelID) VALUES (38,'accord',2,2,96.5,167.5,65.2,53.3,2236,27,33,'£7,895.00',19,6,1,2);
INSERT INTO car(carID,CarName,doorNumber,carBodyID,wheelBase,carLength,carWidth,carHeight,curbWeight,cityMPG,highwayMPG,price,engineID,carBrandID,engineLocationID,driveWheelID) VALUES (39,'civic 1300',2,2,96.5,167.5,65.2,53.3,2289,27,33,'£9,095.00',19,6,1,2);
INSERT INTO car(carID,CarName,doorNumber,carBodyID,wheelBase,carLength,carWidth,carHeight,curbWeight,cityMPG,highwayMPG,price,engineID,carBrandID,engineLocationID,driveWheelID) VALUES (40,'prelude',4,3,96.5,175.4,65.2,54.1,2304,27,33,'£8,845.00',19,6,1,2);
INSERT INTO car(carID,CarName,doorNumber,carBodyID,wheelBase,carLength,carWidth,carHeight,curbWeight,cityMPG,highwayMPG,price,engineID,carBrandID,engineLocationID,driveWheelID) VALUES (41,'accord',4,3,96.5,175.4,62.5,54.1,2372,27,33,'£10,295.00',19,6,1,2);
INSERT INTO car(carID,CarName,doorNumber,carBodyID,wheelBase,carLength,carWidth,carHeight,curbWeight,cityMPG,highwayMPG,price,engineID,carBrandID,engineLocationID,driveWheelID) VALUES (42,'civic',4,3,96.5,175.4,65.2,54.1,2465,24,28,'£12,945.00',19,6,1,2);
INSERT INTO car(carID,CarName,doorNumber,carBodyID,wheelBase,carLength,carWidth,carHeight,curbWeight,cityMPG,highwayMPG,price,engineID,carBrandID,engineLocationID,driveWheelID) VALUES (43,'civic (auto)',2,3,96.5,169.1,66,51,2293,25,31,'£10,345.00',19,6,1,2);
INSERT INTO car(carID,CarName,doorNumber,carBodyID,wheelBase,carLength,carWidth,carHeight,curbWeight,cityMPG,highwayMPG,price,engineID,carBrandID,engineLocationID,driveWheelID) VALUES (44,'MU-X',4,3,94.3,170.7,61.8,53.5,2337,24,29,'£6,785.00',20,7,1,1);
INSERT INTO car(carID,CarName,doorNumber,carBodyID,wheelBase,carLength,carWidth,carHeight,curbWeight,cityMPG,highwayMPG,price,engineID,carBrandID,engineLocationID,driveWheelID) VALUES (45,'D-Max',2,3,94.5,155.9,63.6,52,1874,38,43,'£8,916.50',21,7,1,2);
INSERT INTO car(carID,CarName,doorNumber,carBodyID,wheelBase,carLength,carWidth,carHeight,curbWeight,cityMPG,highwayMPG,price,engineID,carBrandID,engineLocationID,driveWheelID) VALUES (46,'D-Max V-Cross',4,3,94.5,155.9,63.6,52,1909,38,43,'£8,916.50',21,7,1,2);
INSERT INTO car(carID,CarName,doorNumber,carBodyID,wheelBase,carLength,carWidth,carHeight,curbWeight,cityMPG,highwayMPG,price,engineID,carBrandID,engineLocationID,driveWheelID) VALUES (47,'D-Max',2,2,96,172.6,65.2,51.4,2734,24,29,'£11,048.00',22,7,1,1);
INSERT INTO car(carID,CarName,doorNumber,carBodyID,wheelBase,carLength,carWidth,carHeight,curbWeight,cityMPG,highwayMPG,price,engineID,carBrandID,engineLocationID,driveWheelID) VALUES (48,'xj',4,3,113,199.6,69.6,52.8,4066,15,19,'£32,250.00',23,8,1,1);
INSERT INTO car(carID,CarName,doorNumber,carBodyID,wheelBase,carLength,carWidth,carHeight,curbWeight,cityMPG,highwayMPG,price,engineID,carBrandID,engineLocationID,driveWheelID) VALUES (49,'xf',4,3,113,199.6,69.6,52.8,4066,15,19,'£35,550.00',23,8,1,1);
INSERT INTO car(carID,CarName,doorNumber,carBodyID,wheelBase,carLength,carWidth,carHeight,curbWeight,cityMPG,highwayMPG,price,engineID,carBrandID,engineLocationID,driveWheelID) VALUES (50,'xk',2,3,102,191.7,70.6,47.8,3950,13,17,'£36,000.00',24,8,1,1);
INSERT INTO car(carID,CarName,doorNumber,carBodyID,wheelBase,carLength,carWidth,carHeight,curbWeight,cityMPG,highwayMPG,price,engineID,carBrandID,engineLocationID,driveWheelID) VALUES (51,'rx3',2,2,93.1,159.1,64.2,54.1,1890,30,31,'£5,195.00',25,10,1,2);
INSERT INTO car(carID,CarName,doorNumber,carBodyID,wheelBase,carLength,carWidth,carHeight,curbWeight,cityMPG,highwayMPG,price,engineID,carBrandID,engineLocationID,driveWheelID) VALUES (52,'glc deluxe',2,2,93.1,159.1,64.2,54.1,1900,31,38,'£6,095.00',25,10,1,2);
INSERT INTO car(carID,CarName,doorNumber,carBodyID,wheelBase,carLength,carWidth,carHeight,curbWeight,cityMPG,highwayMPG,price,engineID,carBrandID,engineLocationID,driveWheelID) VALUES (53,'rx2 coupe',2,2,93.1,159.1,64.2,54.1,1905,31,38,'£6,795.00',25,10,1,2);
INSERT INTO car(carID,CarName,doorNumber,carBodyID,wheelBase,carLength,carWidth,carHeight,curbWeight,cityMPG,highwayMPG,price,engineID,carBrandID,engineLocationID,driveWheelID) VALUES (54,'rx-4',4,3,93.1,166.8,64.2,54.1,1945,31,38,'£6,695.00',25,10,1,2);
INSERT INTO car(carID,CarName,doorNumber,carBodyID,wheelBase,carLength,carWidth,carHeight,curbWeight,cityMPG,highwayMPG,price,engineID,carBrandID,engineLocationID,driveWheelID) VALUES (55,'glc deluxe',4,3,93.1,166.8,64.2,54.1,1950,31,38,'£7,395.00',25,10,1,2);
INSERT INTO car(carID,CarName,doorNumber,carBodyID,wheelBase,carLength,carWidth,carHeight,curbWeight,cityMPG,highwayMPG,price,engineID,carBrandID,engineLocationID,driveWheelID) VALUES (56,'626',2,2,95.3,169,65.7,49.6,2380,17,23,'£10,945.00',26,10,1,1);
INSERT INTO car(carID,CarName,doorNumber,carBodyID,wheelBase,carLength,carWidth,carHeight,curbWeight,cityMPG,highwayMPG,price,engineID,carBrandID,engineLocationID,driveWheelID) VALUES (57,'glc',2,2,95.3,169,65.7,49.6,2380,17,23,'£11,845.00',26,10,1,1);
INSERT INTO car(carID,CarName,doorNumber,carBodyID,wheelBase,carLength,carWidth,carHeight,curbWeight,cityMPG,highwayMPG,price,engineID,carBrandID,engineLocationID,driveWheelID) VALUES (58,'rx-7 gs',2,2,95.3,169,65.7,49.6,2385,17,23,'£13,645.00',26,10,1,1);
INSERT INTO car(carID,CarName,doorNumber,carBodyID,wheelBase,carLength,carWidth,carHeight,curbWeight,cityMPG,highwayMPG,price,engineID,carBrandID,engineLocationID,driveWheelID) VALUES (59,'glc 4',2,2,95.3,169,65.7,49.6,2500,16,23,'£15,645.00',27,10,1,1);
INSERT INTO car(carID,CarName,doorNumber,carBodyID,wheelBase,carLength,carWidth,carHeight,curbWeight,cityMPG,highwayMPG,price,engineID,carBrandID,engineLocationID,driveWheelID) VALUES (60,'626',2,2,98.8,177.8,66.5,53.7,2385,26,32,'£8,845.00',28,10,1,2);
INSERT INTO car(carID,CarName,doorNumber,carBodyID,wheelBase,carLength,carWidth,carHeight,curbWeight,cityMPG,highwayMPG,price,engineID,carBrandID,engineLocationID,driveWheelID) VALUES (61,'glc custom l',4,3,98.8,177.8,66.5,55.5,2410,26,32,'£8,495.00',28,10,1,2);
INSERT INTO car(carID,CarName,doorNumber,carBodyID,wheelBase,carLength,carWidth,carHeight,curbWeight,cityMPG,highwayMPG,price,engineID,carBrandID,engineLocationID,driveWheelID) VALUES (62,'glc custom',2,2,98.8,177.8,66.5,53.7,2385,26,32,'£10,595.00',28,10,1,2);
INSERT INTO car(carID,CarName,doorNumber,carBodyID,wheelBase,carLength,carWidth,carHeight,curbWeight,cityMPG,highwayMPG,price,engineID,carBrandID,engineLocationID,driveWheelID) VALUES (63,'rx-4',4,3,98.8,177.8,66.5,55.5,2410,26,32,'£10,245.00',28,10,1,2);
INSERT INTO car(carID,CarName,doorNumber,carBodyID,wheelBase,carLength,carWidth,carHeight,curbWeight,cityMPG,highwayMPG,price,engineID,carBrandID,engineLocationID,driveWheelID) VALUES (64,'glc deluxe',4,3,98.8,177.8,66.5,55.5,2443,36,42,'£10,795.00',28,10,1,2);
INSERT INTO car(carID,CarName,doorNumber,carBodyID,wheelBase,carLength,carWidth,carHeight,curbWeight,cityMPG,highwayMPG,price,engineID,carBrandID,engineLocationID,driveWheelID) VALUES (65,'626',4,2,98.8,177.8,66.5,55.5,2425,26,32,'£11,245.00',28,10,1,2);
INSERT INTO car(carID,CarName,doorNumber,carBodyID,wheelBase,carLength,carWidth,carHeight,curbWeight,cityMPG,highwayMPG,price,engineID,carBrandID,engineLocationID,driveWheelID) VALUES (66,'glc',4,3,104.9,175,66.1,54.4,2670,19,27,'£18,280.00',29,10,1,1);
INSERT INTO car(carID,CarName,doorNumber,carBodyID,wheelBase,carLength,carWidth,carHeight,curbWeight,cityMPG,highwayMPG,price,engineID,carBrandID,engineLocationID,driveWheelID) VALUES (67,'rx-7 gs',4,3,104.9,175,66.1,54.4,2700,31,39,'£18,344.00',30,10,1,1);
INSERT INTO car(carID,CarName,doorNumber,carBodyID,wheelBase,carLength,carWidth,carHeight,curbWeight,cityMPG,highwayMPG,price,engineID,carBrandID,engineLocationID,driveWheelID) VALUES (68,'electra 225 custom',4,3,110,190.9,70.3,56.5,3515,22,25,'£25,552.00',31,11,1,1);
INSERT INTO car(carID,CarName,doorNumber,carBodyID,wheelBase,carLength,carWidth,carHeight,curbWeight,cityMPG,highwayMPG,price,engineID,carBrandID,engineLocationID,driveWheelID) VALUES (69,'century luxus (sw)',4,4,110,190.9,70.3,58.7,3750,22,25,'£28,248.00',31,11,1,1);
INSERT INTO car(carID,CarName,doorNumber,carBodyID,wheelBase,carLength,carWidth,carHeight,curbWeight,cityMPG,highwayMPG,price,engineID,carBrandID,engineLocationID,driveWheelID) VALUES (70,'century',2,5,106.7,187.5,70.3,54.9,3495,22,25,'£28,176.00',31,11,1,1);
INSERT INTO car(carID,CarName,doorNumber,carBodyID,wheelBase,carLength,carWidth,carHeight,curbWeight,cityMPG,highwayMPG,price,engineID,carBrandID,engineLocationID,driveWheelID) VALUES (71,'skyhawk',4,3,115.6,202.6,71.7,56.3,3770,22,25,'£31,600.00',31,11,1,1);
INSERT INTO car(carID,CarName,doorNumber,carBodyID,wheelBase,carLength,carWidth,carHeight,curbWeight,cityMPG,highwayMPG,price,engineID,carBrandID,engineLocationID,driveWheelID) VALUES (72,'opel isuzu deluxe',4,3,115.6,202.6,71.7,56.5,3740,16,18,'£34,184.00',32,11,1,1);
INSERT INTO car(carID,CarName,doorNumber,carBodyID,wheelBase,carLength,carWidth,carHeight,curbWeight,cityMPG,highwayMPG,price,engineID,carBrandID,engineLocationID,driveWheelID) VALUES (73,'skylark',2,1,96.6,180.3,70.5,50.8,3685,16,18,'£35,056.00',32,11,1,1);
INSERT INTO car(carID,CarName,doorNumber,carBodyID,wheelBase,carLength,carWidth,carHeight,curbWeight,cityMPG,highwayMPG,price,engineID,carBrandID,engineLocationID,driveWheelID) VALUES (74,'century special',4,3,120.9,208.1,71.7,56.7,3900,14,16,'£40,960.00',33,11,1,1);
INSERT INTO car(carID,CarName,doorNumber,carBodyID,wheelBase,carLength,carWidth,carHeight,curbWeight,cityMPG,highwayMPG,price,engineID,carBrandID,engineLocationID,driveWheelID) VALUES (75,'regal sport coupe (turbo)',2,5,112,199.2,72,55.4,3715,14,16,'£45,400.00',34,11,1,1);
INSERT INTO car(carID,CarName,doorNumber,carBodyID,wheelBase,carLength,carWidth,carHeight,curbWeight,cityMPG,highwayMPG,price,engineID,carBrandID,engineLocationID,driveWheelID) VALUES (76,'cougar',2,2,102.7,178.4,68,54.8,2910,19,24,'£16,503.00',35,12,1,1);
INSERT INTO car(carID,CarName,doorNumber,carBodyID,wheelBase,carLength,carWidth,carHeight,curbWeight,cityMPG,highwayMPG,price,engineID,carBrandID,engineLocationID,driveWheelID) VALUES (77,'mirage',2,2,93.7,157.3,64.4,50.8,1918,37,41,'£5,389.00',36,13,1,2);
INSERT INTO car(carID,CarName,doorNumber,carBodyID,wheelBase,carLength,carWidth,carHeight,curbWeight,cityMPG,highwayMPG,price,engineID,carBrandID,engineLocationID,driveWheelID) VALUES (78,'lancer',2,2,93.7,157.3,64.4,50.8,1944,31,38,'£6,189.00',36,13,1,2);
INSERT INTO car(carID,CarName,doorNumber,carBodyID,wheelBase,carLength,carWidth,carHeight,curbWeight,cityMPG,highwayMPG,price,engineID,carBrandID,engineLocationID,driveWheelID) VALUES (79,'outlander',2,2,93.7,157.3,64.4,50.8,2004,31,38,'£6,669.00',36,13,1,2);
INSERT INTO car(carID,CarName,doorNumber,carBodyID,wheelBase,carLength,carWidth,carHeight,curbWeight,cityMPG,highwayMPG,price,engineID,carBrandID,engineLocationID,driveWheelID) VALUES (80,'g4',2,2,93,157.3,63.8,50.8,2145,24,30,'£7,689.00',37,13,1,2);
INSERT INTO car(carID,CarName,doorNumber,carBodyID,wheelBase,carLength,carWidth,carHeight,curbWeight,cityMPG,highwayMPG,price,engineID,carBrandID,engineLocationID,driveWheelID) VALUES (81,'mirage g4',2,2,96.3,173,65.4,49.4,2370,23,30,'£9,959.00',38,13,1,2);
INSERT INTO car(carID,CarName,doorNumber,carBodyID,wheelBase,carLength,carWidth,carHeight,curbWeight,cityMPG,highwayMPG,price,engineID,carBrandID,engineLocationID,driveWheelID) VALUES (82,'g4',2,2,96.3,173,65.4,49.4,2328,25,32,'£8,499.00',39,13,1,2);
INSERT INTO car(carID,CarName,doorNumber,carBodyID,wheelBase,carLength,carWidth,carHeight,curbWeight,cityMPG,highwayMPG,price,engineID,carBrandID,engineLocationID,driveWheelID) VALUES (83,'outlander',2,2,95.9,173.2,66.3,50.2,2833,19,24,'£12,629.00',40,13,1,2);
INSERT INTO car(carID,CarName,doorNumber,carBodyID,wheelBase,carLength,carWidth,carHeight,curbWeight,cityMPG,highwayMPG,price,engineID,carBrandID,engineLocationID,driveWheelID) VALUES (84,'g4',2,2,95.9,173.2,66.3,50.2,2921,19,24,'£14,869.00',40,13,1,2);
INSERT INTO car(carID,CarName,doorNumber,carBodyID,wheelBase,carLength,carWidth,carHeight,curbWeight,cityMPG,highwayMPG,price,engineID,carBrandID,engineLocationID,driveWheelID) VALUES (85,'mirage g4',2,2,95.9,173.2,66.3,50.2,2926,19,24,'£14,489.00',40,13,1,2);
INSERT INTO car(carID,CarName,doorNumber,carBodyID,wheelBase,carLength,carWidth,carHeight,curbWeight,cityMPG,highwayMPG,price,engineID,carBrandID,engineLocationID,driveWheelID) VALUES (86,'montero',4,3,96.3,172.4,65.4,51.6,2365,25,32,'£6,989.00',41,13,1,2);
INSERT INTO car(carID,CarName,doorNumber,carBodyID,wheelBase,carLength,carWidth,carHeight,curbWeight,cityMPG,highwayMPG,price,engineID,carBrandID,engineLocationID,driveWheelID) VALUES (87,'pajero',4,3,96.3,172.4,65.4,51.6,2405,25,32,'£8,189.00',41,13,1,2);
INSERT INTO car(carID,CarName,doorNumber,carBodyID,wheelBase,carLength,carWidth,carHeight,curbWeight,cityMPG,highwayMPG,price,engineID,carBrandID,engineLocationID,driveWheelID) VALUES (88,'outlander',4,3,96.3,172.4,65.4,51.6,2403,23,30,'£9,279.00',42,13,1,2);
INSERT INTO car(carID,CarName,doorNumber,carBodyID,wheelBase,carLength,carWidth,carHeight,curbWeight,cityMPG,highwayMPG,price,engineID,carBrandID,engineLocationID,driveWheelID) VALUES (89,'mirage g4',4,3,96.3,172.4,65.4,51.6,2403,23,30,'£9,279.00',42,13,1,2);
INSERT INTO car(carID,CarName,doorNumber,carBodyID,wheelBase,carLength,carWidth,carHeight,curbWeight,cityMPG,highwayMPG,price,engineID,carBrandID,engineLocationID,driveWheelID) VALUES (90,'versa',2,3,94.5,165.3,63.8,54.5,1889,31,37,'£5,499.00',43,14,1,2);
INSERT INTO car(carID,CarName,doorNumber,carBodyID,wheelBase,carLength,carWidth,carHeight,curbWeight,cityMPG,highwayMPG,price,engineID,carBrandID,engineLocationID,driveWheelID) VALUES (91,'gt-r',2,3,94.5,165.3,63.8,54.5,2017,45,50,'£7,099.00',44,14,1,2);
INSERT INTO car(carID,CarName,doorNumber,carBodyID,wheelBase,carLength,carWidth,carHeight,curbWeight,cityMPG,highwayMPG,price,engineID,carBrandID,engineLocationID,driveWheelID) VALUES (92,'rogue',2,3,94.5,165.3,63.8,54.5,1918,31,37,'£6,649.00',45,14,1,2);
INSERT INTO car(carID,CarName,doorNumber,carBodyID,wheelBase,carLength,carWidth,carHeight,curbWeight,cityMPG,highwayMPG,price,engineID,carBrandID,engineLocationID,driveWheelID) VALUES (93,'latio',4,3,94.5,165.3,63.8,54.5,1938,31,37,'£6,849.00',45,14,1,2);
INSERT INTO car(carID,CarName,doorNumber,carBodyID,wheelBase,carLength,carWidth,carHeight,curbWeight,cityMPG,highwayMPG,price,engineID,carBrandID,engineLocationID,driveWheelID) VALUES (94,'titan',4,4,94.5,170.2,63.8,53.5,2024,31,37,'£7,349.00',45,14,1,2);
INSERT INTO car(carID,CarName,doorNumber,carBodyID,wheelBase,carLength,carWidth,carHeight,curbWeight,cityMPG,highwayMPG,price,engineID,carBrandID,engineLocationID,driveWheelID) VALUES (95,'leaf',2,3,94.5,165.3,63.8,54.5,1951,31,37,'£7,299.00',45,14,1,2);
INSERT INTO car(carID,CarName,doorNumber,carBodyID,wheelBase,carLength,carWidth,carHeight,curbWeight,cityMPG,highwayMPG,price,engineID,carBrandID,engineLocationID,driveWheelID) VALUES (96,'juke',2,2,94.5,165.6,63.8,53.3,2028,31,37,'£7,799.00',45,14,1,2);
INSERT INTO car(carID,CarName,doorNumber,carBodyID,wheelBase,carLength,carWidth,carHeight,curbWeight,cityMPG,highwayMPG,price,engineID,carBrandID,engineLocationID,driveWheelID) VALUES (97,'latio',4,3,94.5,165.3,63.8,54.5,1971,31,37,'£7,499.00',45,14,1,2);
INSERT INTO car(carID,CarName,doorNumber,carBodyID,wheelBase,carLength,carWidth,carHeight,curbWeight,cityMPG,highwayMPG,price,engineID,carBrandID,engineLocationID,driveWheelID) VALUES (98,'note',4,4,94.5,170.2,63.8,53.5,2037,31,37,'£7,999.00',45,14,1,2);
INSERT INTO car(carID,CarName,doorNumber,carBodyID,wheelBase,carLength,carWidth,carHeight,curbWeight,cityMPG,highwayMPG,price,engineID,carBrandID,engineLocationID,driveWheelID) VALUES (99,'clipper',2,5,95.1,162.4,63.8,53.3,2008,31,37,'£8,249.00',45,14,1,2);
INSERT INTO car(carID,CarName,doorNumber,carBodyID,wheelBase,carLength,carWidth,carHeight,curbWeight,cityMPG,highwayMPG,price,engineID,carBrandID,engineLocationID,driveWheelID) VALUES (100,'rogue',4,2,97.2,173.4,65.2,54.7,2324,27,34,'£8,949.00',46,14,1,2);
INSERT INTO car(carID,CarName,doorNumber,carBodyID,wheelBase,carLength,carWidth,carHeight,curbWeight,cityMPG,highwayMPG,price,engineID,carBrandID,engineLocationID,driveWheelID) VALUES (101,'nv200',4,3,97.2,173.4,65.2,54.7,2302,27,34,'£9,549.00',46,14,1,2);
INSERT INTO car(carID,CarName,doorNumber,carBodyID,wheelBase,carLength,carWidth,carHeight,curbWeight,cityMPG,highwayMPG,price,engineID,carBrandID,engineLocationID,driveWheelID) VALUES (102,'dayz',4,3,100.4,181.7,66.5,55.1,3095,17,22,'£13,499.00',47,14,1,2);
INSERT INTO car(carID,CarName,doorNumber,carBodyID,wheelBase,carLength,carWidth,carHeight,curbWeight,cityMPG,highwayMPG,price,engineID,carBrandID,engineLocationID,driveWheelID) VALUES (103,'fuga',4,4,100.4,184.6,66.5,56.1,3296,17,22,'£14,399.00',47,14,1,2);
INSERT INTO car(carID,CarName,doorNumber,carBodyID,wheelBase,carLength,carWidth,carHeight,curbWeight,cityMPG,highwayMPG,price,engineID,carBrandID,engineLocationID,driveWheelID) VALUES (104,'otti',4,3,100.4,184.6,66.5,55.1,3060,19,25,'£13,499.00',47,14,1,2);
INSERT INTO car(carID,CarName,doorNumber,carBodyID,wheelBase,carLength,carWidth,carHeight,curbWeight,cityMPG,highwayMPG,price,engineID,carBrandID,engineLocationID,driveWheelID) VALUES (105,'teana',2,2,91.3,170.7,67.9,49.7,3071,19,25,'£17,199.00',47,14,1,1);
INSERT INTO car(carID,CarName,doorNumber,carBodyID,wheelBase,carLength,carWidth,carHeight,curbWeight,cityMPG,highwayMPG,price,engineID,carBrandID,engineLocationID,driveWheelID) VALUES (106,'kicks',2,2,91.3,170.7,67.9,49.7,3139,17,23,'£19,699.00',47,14,1,1);
INSERT INTO car(carID,CarName,doorNumber,carBodyID,wheelBase,carLength,carWidth,carHeight,curbWeight,cityMPG,highwayMPG,price,engineID,carBrandID,engineLocationID,driveWheelID) VALUES (107,'clipper',2,2,99.2,178.5,67.9,49.7,3139,19,25,'£18,399.00',47,14,1,1);
INSERT INTO car(carID,CarName,doorNumber,carBodyID,wheelBase,carLength,carWidth,carHeight,curbWeight,cityMPG,highwayMPG,price,engineID,carBrandID,engineLocationID,driveWheelID) VALUES (108,'504',4,3,107.9,186.7,68.4,56.7,3020,19,24,'£11,900.00',48,15,1,1);
INSERT INTO car(carID,CarName,doorNumber,carBodyID,wheelBase,carLength,carWidth,carHeight,curbWeight,cityMPG,highwayMPG,price,engineID,carBrandID,engineLocationID,driveWheelID) VALUES (109,'304',4,3,107.9,186.7,68.4,56.7,3197,28,33,'£13,200.00',49,15,1,1);
INSERT INTO car(carID,CarName,doorNumber,carBodyID,wheelBase,carLength,carWidth,carHeight,curbWeight,cityMPG,highwayMPG,price,engineID,carBrandID,engineLocationID,driveWheelID) VALUES (110,'504 (sw)',4,4,114.2,198.9,68.4,58.7,3230,19,24,'£12,440.00',50,15,1,1);
INSERT INTO car(carID,CarName,doorNumber,carBodyID,wheelBase,carLength,carWidth,carHeight,curbWeight,cityMPG,highwayMPG,price,engineID,carBrandID,engineLocationID,driveWheelID) VALUES (111,'504',4,4,114.2,198.9,68.4,58.7,3430,25,25,'£13,860.00',51,15,1,1);
INSERT INTO car(carID,CarName,doorNumber,carBodyID,wheelBase,carLength,carWidth,carHeight,curbWeight,cityMPG,highwayMPG,price,engineID,carBrandID,engineLocationID,driveWheelID) VALUES (112,'504',4,3,107.9,186.7,68.4,56.7,3075,19,24,'£15,580.00',52,15,1,1);
INSERT INTO car(carID,CarName,doorNumber,carBodyID,wheelBase,carLength,carWidth,carHeight,curbWeight,cityMPG,highwayMPG,price,engineID,carBrandID,engineLocationID,driveWheelID) VALUES (113,'604sl',4,3,107.9,186.7,68.4,56.7,3252,28,33,'£16,900.00',53,15,1,1);
INSERT INTO car(carID,CarName,doorNumber,carBodyID,wheelBase,carLength,carWidth,carHeight,curbWeight,cityMPG,highwayMPG,price,engineID,carBrandID,engineLocationID,driveWheelID) VALUES (114,'504',4,4,114.2,198.9,68.4,56.7,3285,19,24,'£16,695.00',54,15,1,1);
INSERT INTO car(carID,CarName,doorNumber,carBodyID,wheelBase,carLength,carWidth,carHeight,curbWeight,cityMPG,highwayMPG,price,engineID,carBrandID,engineLocationID,driveWheelID) VALUES (115,'505s turbo diesel',4,4,114.2,198.9,68.4,58.7,3485,25,25,'£17,075.00',55,15,1,1);
INSERT INTO car(carID,CarName,doorNumber,carBodyID,wheelBase,carLength,carWidth,carHeight,curbWeight,cityMPG,highwayMPG,price,engineID,carBrandID,engineLocationID,driveWheelID) VALUES (116,'504',4,3,107.9,186.7,68.4,56.7,3075,19,24,'£16,630.00',56,15,1,1);
INSERT INTO car(carID,CarName,doorNumber,carBodyID,wheelBase,carLength,carWidth,carHeight,curbWeight,cityMPG,highwayMPG,price,engineID,carBrandID,engineLocationID,driveWheelID) VALUES (117,'504',4,3,107.9,186.7,68.4,56.7,3252,28,33,'£17,950.00',57,15,1,1);
INSERT INTO car(carID,CarName,doorNumber,carBodyID,wheelBase,carLength,carWidth,carHeight,curbWeight,cityMPG,highwayMPG,price,engineID,carBrandID,engineLocationID,driveWheelID) VALUES (118,'604sl',4,3,108,186.7,68.3,56,3130,18,24,'£18,150.00',58,15,1,1);
INSERT INTO car(carID,CarName,doorNumber,carBodyID,wheelBase,carLength,carWidth,carHeight,curbWeight,cityMPG,highwayMPG,price,engineID,carBrandID,engineLocationID,driveWheelID) VALUES (119,'fury iii',2,2,93.7,157.3,63.8,50.8,1918,37,41,'£5,572.00',59,16,1,2);
INSERT INTO car(carID,CarName,doorNumber,carBodyID,wheelBase,carLength,carWidth,carHeight,curbWeight,cityMPG,highwayMPG,price,engineID,carBrandID,engineLocationID,driveWheelID) VALUES (120,'cricket',2,2,93.7,157.3,63.8,50.8,2128,24,30,'£7,957.00',60,16,1,2);
INSERT INTO car(carID,CarName,doorNumber,carBodyID,wheelBase,carLength,carWidth,carHeight,curbWeight,cityMPG,highwayMPG,price,engineID,carBrandID,engineLocationID,driveWheelID) VALUES (121,'fury iii',4,2,93.7,157.3,63.8,50.6,1967,31,38,'£6,229.00',61,16,1,2);
INSERT INTO car(carID,CarName,doorNumber,carBodyID,wheelBase,carLength,carWidth,carHeight,curbWeight,cityMPG,highwayMPG,price,engineID,carBrandID,engineLocationID,driveWheelID) VALUES (122,'satellite custom (sw)',4,3,93.7,167.3,63.8,50.8,1989,31,38,'£6,692.00',61,16,1,2);
INSERT INTO car(carID,CarName,doorNumber,carBodyID,wheelBase,carLength,carWidth,carHeight,curbWeight,cityMPG,highwayMPG,price,engineID,carBrandID,engineLocationID,driveWheelID) VALUES (123,'fury gran sedan',4,3,93.7,167.3,63.8,50.8,2191,31,38,'£7,609.00',62,16,1,2);
INSERT INTO car(carID,CarName,doorNumber,carBodyID,wheelBase,carLength,carWidth,carHeight,curbWeight,cityMPG,highwayMPG,price,engineID,carBrandID,engineLocationID,driveWheelID) VALUES (124,'valiant',4,4,103.3,174.6,64.6,59.8,2535,24,30,'£8,921.00',63,16,1,2);
INSERT INTO car(carID,CarName,doorNumber,carBodyID,wheelBase,carLength,carWidth,carHeight,curbWeight,cityMPG,highwayMPG,price,engineID,carBrandID,engineLocationID,driveWheelID) VALUES (125,'duster',2,2,95.9,173.2,66.3,50.2,2818,19,24,'£12,764.00',64,16,1,1);
INSERT INTO car(carID,CarName,doorNumber,carBodyID,wheelBase,carLength,carWidth,carHeight,curbWeight,cityMPG,highwayMPG,price,engineID,carBrandID,engineLocationID,driveWheelID) VALUES (126,'macan',2,2,94.5,168.9,68.3,50.2,2778,19,27,'£22,018.00',65,17,1,1);
INSERT INTO car(carID,CarName,doorNumber,carBodyID,wheelBase,carLength,carWidth,carHeight,curbWeight,cityMPG,highwayMPG,price,engineID,carBrandID,engineLocationID,driveWheelID) VALUES (127,'panamera',2,5,89.5,168.9,65,51.6,2756,17,25,'£32,528.00',66,17,2,1);
INSERT INTO car(carID,CarName,doorNumber,carBodyID,wheelBase,carLength,carWidth,carHeight,curbWeight,cityMPG,highwayMPG,price,engineID,carBrandID,engineLocationID,driveWheelID) VALUES (128,'cayenne',2,5,89.5,168.9,65,51.6,2756,17,25,'£34,028.00',66,19,2,1);
INSERT INTO car(carID,CarName,doorNumber,carBodyID,wheelBase,carLength,carWidth,carHeight,curbWeight,cityMPG,highwayMPG,price,engineID,carBrandID,engineLocationID,driveWheelID) VALUES (129,'boxter',2,1,89.5,168.9,65,51.6,2800,17,25,'£37,028.00',66,19,2,1);
INSERT INTO car(carID,CarName,doorNumber,carBodyID,wheelBase,carLength,carWidth,carHeight,curbWeight,cityMPG,highwayMPG,price,engineID,carBrandID,engineLocationID,driveWheelID) VALUES (130,'cayenne',2,2,98.4,175.7,72.3,50.5,3366,17,28,'£31,400.50',67,19,1,1);
INSERT INTO car(carID,CarName,doorNumber,carBodyID,wheelBase,carLength,carWidth,carHeight,curbWeight,cityMPG,highwayMPG,price,engineID,carBrandID,engineLocationID,driveWheelID) VALUES (131,'12tl',4,4,96.1,181.5,66.5,55.2,2579,23,31,'£9,295.00',68,20,1,2);
INSERT INTO car(carID,CarName,doorNumber,carBodyID,wheelBase,carLength,carWidth,carHeight,curbWeight,cityMPG,highwayMPG,price,engineID,carBrandID,engineLocationID,driveWheelID) VALUES (132,'5 gtl',2,2,96.1,176.8,66.6,50.5,2460,23,31,'£9,895.00',68,20,1,2);
INSERT INTO car(carID,CarName,doorNumber,carBodyID,wheelBase,carLength,carWidth,carHeight,curbWeight,cityMPG,highwayMPG,price,engineID,carBrandID,engineLocationID,driveWheelID) VALUES (133,'99e',2,2,99.1,186.6,66.5,56.1,2658,21,28,'£11,850.00',69,21,1,2);
INSERT INTO car(carID,CarName,doorNumber,carBodyID,wheelBase,carLength,carWidth,carHeight,curbWeight,cityMPG,highwayMPG,price,engineID,carBrandID,engineLocationID,driveWheelID) VALUES (134,'99le',4,3,99.1,186.6,66.5,56.1,2695,21,28,'£12,170.00',69,21,1,2);
INSERT INTO car(carID,CarName,doorNumber,carBodyID,wheelBase,carLength,carWidth,carHeight,curbWeight,cityMPG,highwayMPG,price,engineID,carBrandID,engineLocationID,driveWheelID) VALUES (135,'99le',2,2,99.1,186.6,66.5,56.1,2707,21,28,'£15,040.00',69,21,1,2);
INSERT INTO car(carID,CarName,doorNumber,carBodyID,wheelBase,carLength,carWidth,carHeight,curbWeight,cityMPG,highwayMPG,price,engineID,carBrandID,engineLocationID,driveWheelID) VALUES (136,'99gle',4,3,99.1,186.6,66.5,56.1,2758,21,28,'£15,510.00',69,21,1,2);
INSERT INTO car(carID,CarName,doorNumber,carBodyID,wheelBase,carLength,carWidth,carHeight,curbWeight,cityMPG,highwayMPG,price,engineID,carBrandID,engineLocationID,driveWheelID) VALUES (137,'99gle',2,2,99.1,186.6,66.5,56.1,2808,19,26,'£18,150.00',69,21,1,2);
INSERT INTO car(carID,CarName,doorNumber,carBodyID,wheelBase,carLength,carWidth,carHeight,curbWeight,cityMPG,highwayMPG,price,engineID,carBrandID,engineLocationID,driveWheelID) VALUES (138,'99e',4,3,99.1,186.6,66.5,56.1,2847,19,26,'£18,620.00',69,21,1,2);
INSERT INTO car(carID,CarName,doorNumber,carBodyID,wheelBase,carLength,carWidth,carHeight,curbWeight,cityMPG,highwayMPG,price,engineID,carBrandID,engineLocationID,driveWheelID) VALUES (139,'dl',2,2,93.7,157.9,63.6,53.7,2120,26,31,'£7,053.00',70,22,1,2);
INSERT INTO car(carID,CarName,doorNumber,carBodyID,wheelBase,carLength,carWidth,carHeight,curbWeight,cityMPG,highwayMPG,price,engineID,carBrandID,engineLocationID,driveWheelID) VALUES (140,'dl',2,2,93.3,157.3,63.8,55.7,2240,26,31,'£7,603.00',70,22,1,3);
INSERT INTO car(carID,CarName,doorNumber,carBodyID,wheelBase,carLength,carWidth,carHeight,curbWeight,cityMPG,highwayMPG,price,engineID,carBrandID,engineLocationID,driveWheelID) VALUES (141,'brz',4,3,97.2,172,65.4,52.5,2190,28,33,'£7,775.00',70,22,1,2);
INSERT INTO car(carID,CarName,doorNumber,carBodyID,wheelBase,carLength,carWidth,carHeight,curbWeight,cityMPG,highwayMPG,price,engineID,carBrandID,engineLocationID,driveWheelID) VALUES (142,'baja',4,3,97.2,172,65.4,52.5,2340,26,32,'£9,960.00',70,22,1,2);
INSERT INTO car(carID,CarName,doorNumber,carBodyID,wheelBase,carLength,carWidth,carHeight,curbWeight,cityMPG,highwayMPG,price,engineID,carBrandID,engineLocationID,driveWheelID) VALUES (143,'r1',4,3,97,172,65.4,54.3,2385,24,25,'£9,233.00',70,22,1,3);
INSERT INTO car(carID,CarName,doorNumber,carBodyID,wheelBase,carLength,carWidth,carHeight,curbWeight,cityMPG,highwayMPG,price,engineID,carBrandID,engineLocationID,driveWheelID) VALUES (144,'r2',4,3,97,172,65.4,54.3,2510,24,29,'£11,259.00',70,22,1,3);
INSERT INTO car(carID,CarName,doorNumber,carBodyID,wheelBase,carLength,carWidth,carHeight,curbWeight,cityMPG,highwayMPG,price,engineID,carBrandID,engineLocationID,driveWheelID) VALUES (145,'trezia',4,4,97,173.5,65.4,53,2290,28,32,'£7,463.00',70,22,1,2);
INSERT INTO car(carID,CarName,doorNumber,carBodyID,wheelBase,carLength,carWidth,carHeight,curbWeight,cityMPG,highwayMPG,price,engineID,carBrandID,engineLocationID,driveWheelID) VALUES (146,'tribeca',4,4,97,173.5,65.4,53,2455,25,31,'£10,198.00',70,22,1,2);
INSERT INTO car(carID,CarName,doorNumber,carBodyID,wheelBase,carLength,carWidth,carHeight,curbWeight,cityMPG,highwayMPG,price,engineID,carBrandID,engineLocationID,driveWheelID) VALUES (147,'dl',4,4,96.9,173.6,65.4,54.9,2420,23,29,'£8,013.00',70,22,1,3);
INSERT INTO car(carID,CarName,doorNumber,carBodyID,wheelBase,carLength,carWidth,carHeight,curbWeight,cityMPG,highwayMPG,price,engineID,carBrandID,engineLocationID,driveWheelID) VALUES (148,'dl',4,4,96.9,173.6,65.4,54.9,2650,23,23,'£11,694.00',70,22,1,3);
INSERT INTO car(carID,CarName,doorNumber,carBodyID,wheelBase,carLength,carWidth,carHeight,curbWeight,cityMPG,highwayMPG,price,engineID,carBrandID,engineLocationID,driveWheelID) VALUES (149,'corona mark ii',2,2,95.7,158.7,63.6,54.5,1985,35,39,'£5,348.00',71,22,1,2);
INSERT INTO car(carID,CarName,doorNumber,carBodyID,wheelBase,carLength,carWidth,carHeight,curbWeight,cityMPG,highwayMPG,price,engineID,carBrandID,engineLocationID,driveWheelID) VALUES (150,'corona',2,2,95.7,158.7,63.6,54.5,2040,31,38,'£6,338.00',71,22,1,2);
INSERT INTO car(carID,CarName,doorNumber,carBodyID,wheelBase,carLength,carWidth,carHeight,curbWeight,cityMPG,highwayMPG,price,engineID,carBrandID,engineLocationID,driveWheelID) VALUES (151,'corolla 1200',4,2,95.7,158.7,63.6,54.5,2015,31,38,'£6,488.00',71,22,1,2);
INSERT INTO car(carID,CarName,doorNumber,carBodyID,wheelBase,carLength,carWidth,carHeight,curbWeight,cityMPG,highwayMPG,price,engineID,carBrandID,engineLocationID,driveWheelID) VALUES (152,'corona hardtop',4,4,95.7,169.7,63.6,59.1,2280,31,37,'£6,918.00',71,22,1,2);
INSERT INTO car(carID,CarName,doorNumber,carBodyID,wheelBase,carLength,carWidth,carHeight,curbWeight,cityMPG,highwayMPG,price,engineID,carBrandID,engineLocationID,driveWheelID) VALUES (153,'corolla 1600 (sw)',4,4,95.7,169.7,63.6,59.1,2290,27,32,'£7,898.00',71,22,1,3);
INSERT INTO car(carID,CarName,doorNumber,carBodyID,wheelBase,carLength,carWidth,carHeight,curbWeight,cityMPG,highwayMPG,price,engineID,carBrandID,engineLocationID,driveWheelID) VALUES (154,'carina',4,4,95.7,169.7,63.6,59.1,3110,27,32,'£8,778.00',71,22,1,3);
INSERT INTO car(carID,CarName,doorNumber,carBodyID,wheelBase,carLength,carWidth,carHeight,curbWeight,cityMPG,highwayMPG,price,engineID,carBrandID,engineLocationID,driveWheelID) VALUES (155,'mark ii',4,3,95.7,166.3,64.4,53,2081,30,37,'£6,938.00',72,22,1,2);
INSERT INTO car(carID,CarName,doorNumber,carBodyID,wheelBase,carLength,carWidth,carHeight,curbWeight,cityMPG,highwayMPG,price,engineID,carBrandID,engineLocationID,driveWheelID) VALUES (156,'corolla 1200',4,2,95.7,166.3,64.4,52.8,2109,30,37,'£7,198.00',72,22,1,2);
INSERT INTO car(carID,CarName,doorNumber,carBodyID,wheelBase,carLength,carWidth,carHeight,curbWeight,cityMPG,highwayMPG,price,engineID,carBrandID,engineLocationID,driveWheelID) VALUES (157,'corona',4,3,95.7,166.3,64.4,53,2275,34,36,'£7,898.00',73,22,1,2);
INSERT INTO car(carID,CarName,doorNumber,carBodyID,wheelBase,carLength,carWidth,carHeight,curbWeight,cityMPG,highwayMPG,price,engineID,carBrandID,engineLocationID,driveWheelID) VALUES (158,'corolla',4,2,95.7,166.3,64.4,52.8,2275,38,47,'£7,788.00',73,22,1,2);
INSERT INTO car(carID,CarName,doorNumber,carBodyID,wheelBase,carLength,carWidth,carHeight,curbWeight,cityMPG,highwayMPG,price,engineID,carBrandID,engineLocationID,driveWheelID) VALUES (159,'corona',4,3,95.7,166.3,64.4,53,2094,38,47,'£7,738.00',74,22,1,2);
INSERT INTO car(carID,CarName,doorNumber,carBodyID,wheelBase,carLength,carWidth,carHeight,curbWeight,cityMPG,highwayMPG,price,engineID,carBrandID,engineLocationID,driveWheelID) VALUES (160,'corolla',4,2,95.7,166.3,64.4,52.8,2122,28,34,'£8,358.00',74,22,1,2);
INSERT INTO car(carID,CarName,doorNumber,carBodyID,wheelBase,carLength,carWidth,carHeight,curbWeight,cityMPG,highwayMPG,price,engineID,carBrandID,engineLocationID,driveWheelID) VALUES (161,'mark ii',4,3,95.7,166.3,64.4,52.8,2140,28,34,'£9,258.00',74,22,1,2);
INSERT INTO car(carID,CarName,doorNumber,carBodyID,wheelBase,carLength,carWidth,carHeight,curbWeight,cityMPG,highwayMPG,price,engineID,carBrandID,engineLocationID,driveWheelID) VALUES (162,'corolla liftback',2,3,94.5,168.7,64,52.6,2169,29,34,'£8,058.00',74,22,1,1);
INSERT INTO car(carID,CarName,doorNumber,carBodyID,wheelBase,carLength,carWidth,carHeight,curbWeight,cityMPG,highwayMPG,price,engineID,carBrandID,engineLocationID,driveWheelID) VALUES (163,'corona',2,2,94.5,168.7,64,52.6,2204,29,34,'£8,238.00',74,22,1,1);
INSERT INTO car(carID,CarName,doorNumber,carBodyID,wheelBase,carLength,carWidth,carHeight,curbWeight,cityMPG,highwayMPG,price,engineID,carBrandID,engineLocationID,driveWheelID) VALUES (164,'celica gt liftback',2,3,94.5,168.7,64,52.6,2265,26,29,'£9,298.00',74,22,1,1);
INSERT INTO car(carID,CarName,doorNumber,carBodyID,wheelBase,carLength,carWidth,carHeight,curbWeight,cityMPG,highwayMPG,price,engineID,carBrandID,engineLocationID,driveWheelID) VALUES (165,'corolla tercel',2,2,94.5,168.7,64,52.6,2300,26,29,'£9,538.00',74,22,1,1);
INSERT INTO car(carID,CarName,doorNumber,carBodyID,wheelBase,carLength,carWidth,carHeight,curbWeight,cityMPG,highwayMPG,price,engineID,carBrandID,engineLocationID,driveWheelID) VALUES (166,'corona liftback',2,5,98.4,176.2,65.6,52,2540,24,30,'£8,449.00',75,22,1,1);
INSERT INTO car(carID,CarName,doorNumber,carBodyID,wheelBase,carLength,carWidth,carHeight,curbWeight,cityMPG,highwayMPG,price,engineID,carBrandID,engineLocationID,driveWheelID) VALUES (167,'corolla',2,5,98.4,176.2,65.6,52,2536,24,30,'£9,639.00',75,22,1,1);
INSERT INTO car(carID,CarName,doorNumber,carBodyID,wheelBase,carLength,carWidth,carHeight,curbWeight,cityMPG,highwayMPG,price,engineID,carBrandID,engineLocationID,driveWheelID) VALUES (168,'starlet',2,2,98.4,176.2,65.6,52,2551,24,30,'£9,989.00',75,22,1,1);
INSERT INTO car(carID,CarName,doorNumber,carBodyID,wheelBase,carLength,carWidth,carHeight,curbWeight,cityMPG,highwayMPG,price,engineID,carBrandID,engineLocationID,driveWheelID) VALUES (169,'tercel',2,5,98.4,176.2,65.6,52,2679,24,30,'£11,199.00',75,22,1,1);
INSERT INTO car(carID,CarName,doorNumber,carBodyID,wheelBase,carLength,carWidth,carHeight,curbWeight,cityMPG,highwayMPG,price,engineID,carBrandID,engineLocationID,driveWheelID) VALUES (170,'corolla',2,2,98.4,176.2,65.6,52,2714,24,30,'£11,549.00',75,22,1,1);
INSERT INTO car(carID,CarName,doorNumber,carBodyID,wheelBase,carLength,carWidth,carHeight,curbWeight,cityMPG,highwayMPG,price,engineID,carBrandID,engineLocationID,driveWheelID) VALUES (171,'cressida',2,1,98.4,176.2,65.6,53,2975,24,30,'£17,669.00',75,22,1,1);
INSERT INTO car(carID,CarName,doorNumber,carBodyID,wheelBase,carLength,carWidth,carHeight,curbWeight,cityMPG,highwayMPG,price,engineID,carBrandID,engineLocationID,driveWheelID) VALUES (172,'corolla',4,3,102.4,175.6,66.5,54.9,2326,29,34,'£8,948.00',76,22,1,2);
INSERT INTO car(carID,CarName,doorNumber,carBodyID,wheelBase,carLength,carWidth,carHeight,curbWeight,cityMPG,highwayMPG,price,engineID,carBrandID,engineLocationID,driveWheelID) VALUES (173,'celica gt',4,3,102.4,175.6,66.5,54.9,2480,30,33,'£10,698.00',77,22,1,2);
INSERT INTO car(carID,CarName,doorNumber,carBodyID,wheelBase,carLength,carWidth,carHeight,curbWeight,cityMPG,highwayMPG,price,engineID,carBrandID,engineLocationID,driveWheelID) VALUES (174,'corona',4,2,102.4,175.6,66.5,53.9,2414,27,32,'£9,988.00',78,22,1,2);
INSERT INTO car(carID,CarName,doorNumber,carBodyID,wheelBase,carLength,carWidth,carHeight,curbWeight,cityMPG,highwayMPG,price,engineID,carBrandID,engineLocationID,driveWheelID) VALUES (175,'corolla',4,3,102.4,175.6,66.5,54.9,2414,27,32,'£10,898.00',78,22,1,2);
INSERT INTO car(carID,CarName,doorNumber,carBodyID,wheelBase,carLength,carWidth,carHeight,curbWeight,cityMPG,highwayMPG,price,engineID,carBrandID,engineLocationID,driveWheelID) VALUES (176,'mark ii',4,2,102.4,175.6,66.5,53.9,2458,27,32,'£11,248.00',78,22,1,2);
INSERT INTO car(carID,CarName,doorNumber,carBodyID,wheelBase,carLength,carWidth,carHeight,curbWeight,cityMPG,highwayMPG,price,engineID,carBrandID,engineLocationID,driveWheelID) VALUES (177,'corolla liftback',2,2,102.9,183.5,67.7,52,2976,20,24,'£16,558.00',79,22,1,1);
INSERT INTO car(carID,CarName,doorNumber,carBodyID,wheelBase,carLength,carWidth,carHeight,curbWeight,cityMPG,highwayMPG,price,engineID,carBrandID,engineLocationID,driveWheelID) VALUES (178,'corona',2,2,102.9,183.5,67.7,52,3016,19,24,'£15,998.00',79,22,1,1);
INSERT INTO car(carID,CarName,doorNumber,carBodyID,wheelBase,carLength,carWidth,carHeight,curbWeight,cityMPG,highwayMPG,price,engineID,carBrandID,engineLocationID,driveWheelID) VALUES (179,'starlet',4,3,104.5,187.8,66.5,54.1,3131,20,24,'£15,690.00',79,22,1,1);
INSERT INTO car(carID,CarName,doorNumber,carBodyID,wheelBase,carLength,carWidth,carHeight,curbWeight,cityMPG,highwayMPG,price,engineID,carBrandID,engineLocationID,driveWheelID) VALUES (180,'tercel',4,4,104.5,187.8,66.5,54.1,3151,19,24,'£15,750.00',80,22,1,1);
INSERT INTO car(carID,CarName,doorNumber,carBodyID,wheelBase,carLength,carWidth,carHeight,curbWeight,cityMPG,highwayMPG,price,engineID,carBrandID,engineLocationID,driveWheelID) VALUES (181,'rabbit',2,3,97.3,171.7,65.5,55.7,2261,37,46,'£7,775.00',81,24,1,2);
INSERT INTO car(carID,CarName,doorNumber,carBodyID,wheelBase,carLength,carWidth,carHeight,curbWeight,cityMPG,highwayMPG,price,engineID,carBrandID,engineLocationID,driveWheelID) VALUES (182,'1131 deluxe sedan',2,3,97.3,171.7,65.5,55.7,2209,27,34,'£7,975.00',82,24,1,2);
INSERT INTO car(carID,CarName,doorNumber,carBodyID,wheelBase,carLength,carWidth,carHeight,curbWeight,cityMPG,highwayMPG,price,engineID,carBrandID,engineLocationID,driveWheelID) VALUES (183,'model 111',4,3,97.3,171.7,65.5,55.7,2264,37,46,'£7,995.00',83,24,1,2);
INSERT INTO car(carID,CarName,doorNumber,carBodyID,wheelBase,carLength,carWidth,carHeight,curbWeight,cityMPG,highwayMPG,price,engineID,carBrandID,engineLocationID,driveWheelID) VALUES (184,'type 3',4,3,97.3,171.7,65.5,55.7,2212,27,34,'£8,195.00',84,24,1,2);
INSERT INTO car(carID,CarName,doorNumber,carBodyID,wheelBase,carLength,carWidth,carHeight,curbWeight,cityMPG,highwayMPG,price,engineID,carBrandID,engineLocationID,driveWheelID) VALUES (185,'411 (sw)',4,3,97.3,171.7,65.5,55.7,2275,27,34,'£8,495.00',84,24,1,2);
INSERT INTO car(carID,CarName,doorNumber,carBodyID,wheelBase,carLength,carWidth,carHeight,curbWeight,cityMPG,highwayMPG,price,engineID,carBrandID,engineLocationID,driveWheelID) VALUES (186,'super beetle',4,3,97.3,171.7,65.5,55.7,2319,37,42,'£9,495.00',85,24,1,2);
INSERT INTO car(carID,CarName,doorNumber,carBodyID,wheelBase,carLength,carWidth,carHeight,curbWeight,cityMPG,highwayMPG,price,engineID,carBrandID,engineLocationID,driveWheelID) VALUES (187,'dasher',4,3,97.3,171.7,65.5,55.7,2300,26,32,'£9,995.00',86,24,1,2);
INSERT INTO car(carID,CarName,doorNumber,carBodyID,wheelBase,carLength,carWidth,carHeight,curbWeight,cityMPG,highwayMPG,price,engineID,carBrandID,engineLocationID,driveWheelID) VALUES (188,'dasher',2,1,94.5,159.3,64.2,55.6,2254,24,29,'£11,595.00',86,24,1,2);
INSERT INTO car(carID,CarName,doorNumber,carBodyID,wheelBase,carLength,carWidth,carHeight,curbWeight,cityMPG,highwayMPG,price,engineID,carBrandID,engineLocationID,driveWheelID) VALUES (189,'rabbit',2,2,94.5,165.7,64,51.4,2221,24,29,'£9,980.00',86,24,1,2);
INSERT INTO car(carID,CarName,doorNumber,carBodyID,wheelBase,carLength,carWidth,carHeight,curbWeight,cityMPG,highwayMPG,price,engineID,carBrandID,engineLocationID,driveWheelID) VALUES (190,'rabbit',4,3,100.4,180.2,66.9,55.1,2661,19,24,'£13,295.00',87,24,1,2);
INSERT INTO car(carID,CarName,doorNumber,carBodyID,wheelBase,carLength,carWidth,carHeight,curbWeight,cityMPG,highwayMPG,price,engineID,carBrandID,engineLocationID,driveWheelID) VALUES (191,'rabbit custom',4,3,100.4,180.2,66.9,55.1,2579,33,38,'£13,845.00',88,24,1,2);
INSERT INTO car(carID,CarName,doorNumber,carBodyID,wheelBase,carLength,carWidth,carHeight,curbWeight,cityMPG,highwayMPG,price,engineID,carBrandID,engineLocationID,driveWheelID) VALUES (192,'dasher',4,4,100.4,183.1,66.9,55.1,2563,25,31,'£12,290.00',89,24,1,2);
INSERT INTO car(carID,CarName,doorNumber,carBodyID,wheelBase,carLength,carWidth,carHeight,curbWeight,cityMPG,highwayMPG,price,engineID,carBrandID,engineLocationID,driveWheelID) VALUES (193,'145e (sw)',4,3,104.3,188.8,67.2,56.2,2912,23,28,'£12,940.00',90,25,1,1);
INSERT INTO car(carID,CarName,doorNumber,carBodyID,wheelBase,carLength,carWidth,carHeight,curbWeight,cityMPG,highwayMPG,price,engineID,carBrandID,engineLocationID,driveWheelID) VALUES (194,'144ea',4,4,104.3,188.8,67.2,57.5,3034,23,28,'£13,415.00',90,25,1,1);
INSERT INTO car(carID,CarName,doorNumber,carBodyID,wheelBase,carLength,carWidth,carHeight,curbWeight,cityMPG,highwayMPG,price,engineID,carBrandID,engineLocationID,driveWheelID) VALUES (195,'244dl',4,3,104.3,188.8,67.2,56.2,2935,24,28,'£15,985.00',90,25,1,1);
INSERT INTO car(carID,CarName,doorNumber,carBodyID,wheelBase,carLength,carWidth,carHeight,curbWeight,cityMPG,highwayMPG,price,engineID,carBrandID,engineLocationID,driveWheelID) VALUES (196,'245',4,4,104.3,188.8,67.2,57.5,3042,24,28,'£16,515.00',90,25,1,1);
INSERT INTO car(carID,CarName,doorNumber,carBodyID,wheelBase,carLength,carWidth,carHeight,curbWeight,cityMPG,highwayMPG,price,engineID,carBrandID,engineLocationID,driveWheelID) VALUES (197,'264gl',4,3,104.3,188.8,67.2,56.2,3045,17,22,'£18,420.00',91,25,1,1);
INSERT INTO car(carID,CarName,doorNumber,carBodyID,wheelBase,carLength,carWidth,carHeight,curbWeight,cityMPG,highwayMPG,price,engineID,carBrandID,engineLocationID,driveWheelID) VALUES (198,'diesel',4,4,104.3,188.8,67.2,57.5,3157,17,22,'£18,950.00',91,25,1,1);
INSERT INTO car(carID,CarName,doorNumber,carBodyID,wheelBase,carLength,carWidth,carHeight,curbWeight,cityMPG,highwayMPG,price,engineID,carBrandID,engineLocationID,driveWheelID) VALUES (199,'145e (sw)',4,3,109.1,188.8,68.9,55.5,2952,23,28,'£16,845.00',92,25,1,1);
INSERT INTO car(carID,CarName,doorNumber,carBodyID,wheelBase,carLength,carWidth,carHeight,curbWeight,cityMPG,highwayMPG,price,engineID,carBrandID,engineLocationID,driveWheelID) VALUES (200,'144ea',4,3,109.1,188.8,68.8,55.5,3049,19,25,'£19,045.00',92,25,1,1);
INSERT INTO car(carID,CarName,doorNumber,carBodyID,wheelBase,carLength,carWidth,carHeight,curbWeight,cityMPG,highwayMPG,price,engineID,carBrandID,engineLocationID,driveWheelID) VALUES (201,'244dl',4,3,109.1,188.8,68.9,55.5,3012,18,23,'£21,485.00',93,25,1,1);
INSERT INTO car(carID,CarName,doorNumber,carBodyID,wheelBase,carLength,carWidth,carHeight,curbWeight,cityMPG,highwayMPG,price,engineID,carBrandID,engineLocationID,driveWheelID) VALUES (202,'246',4,3,109.1,188.8,68.9,55.5,3217,26,27,'£22,470.00',94,25,1,1);
--INSERT INTO car(carID,CarName,doorNumber,carBodyID,wheelBase,carLength,carWidth,carHeight,curbWeight,cityMPG,highwayMPG,price,engineID,carBrandID,engineLocationID,driveWheelID) VALUES (203,'264gl',4,3,109.1,188.8,68.9,55.5,3062,19,25,'£22,625.00',95,25,1,1);
SET IDENTITY_INSERT car Off;

